reform_name,year,baseline_revenue,reform_revenue,revenue_impact,baseline_tob_medicare_hi,reform_tob_medicare_hi,tob_medicare_hi_impact,baseline_tob_oasdi,reform_tob_oasdi,tob_oasdi_impact,baseline_tob_total,reform_tob_total,tob_total_impact,scoring_type,employer_ss_tax_revenue,employer_medicare_tax_revenue,oasdi_gain,hi_gain,oasdi_loss,hi_loss,oasdi_net_impact,hi_net_impact
option1,2026,2670.72,2542.96,-127.76,51.5,0.0,-51.5,76.26,0.0,-76.26,127.76,-0.0,-127.76,static,0.0,0.0,0.0,0.0,0.0,0.0,0.0,0.0
option1,2027,2853.98,2712.52,-141.46,59.23,0.0,-59.23,82.23,0.0,-82.23,141.46,0.0,-141.46,static,0.0,0.0,0.0,0.0,0.0,0.0,0.0,0.0
option1,2028,3061.26,2908.55,-152.71,64.22,0.0,-64.22,88.49,0.0,-88.49,152.71,-0.0,-152.71,static,0.0,0.0,0.0,0.0,0.0,0.0,0.0,0.0
option1,2029,3301.66,3136.83,-164.82,70.06,0.0,-70.06,94.76,0.0,-94.76,164.82,-0.0,-164.82,static,0.0,0.0,0.0,0.0,0.0,0.0,0.0,0.0
option1,2030,3538.56,3358.89,-179.67,76.74,0.0,-76.74,102.93,0.0,-102.93,179.67,0.0,-179.67,static,0.0,0.0,0.0,0.0,0.0,0.0,0.0,0.0
option1,2031,3756.81,3562.32,-194.48,83.18,0.0,-83.18,111.3,0.0,-111.3,194.48,0.0,-194.48,static,0.0,0.0,0.0,0.0,0.0,0.0,0.0,0.0
option1,2032,4017.02,3806.69,-210.33,90.04,0.0,-90.04,120.29,0.0,-120.29,210.33,0.0,-210.33,static,0.0,0.0,0.0,0.0,0.0,0.0,0.0,0.0
option1,2033,4256.87,4031.17,-225.7,97.27,0.0,-97.27,128.43,0.0,-128.43,225.7,0.0,-225.7,static,0.0,0.0,0.0,0.0,0.0,0.0,0.0,0.0
option1,2034,4503.4,4260.17,-243.23,104.77,0.0,-104.77,138.46,0.0,-138.46,243.23,0.0,-243.23,static,0.0,0.0,0.0,0.0,0.0,0.0,0.0,0.0
option1,2035,4733.31,4475.62,-257.69,111.99,0.0,-111.99,145.71,0.0,-145.71,257.69,0.0,-257.69,static,0.0,0.0,0.0,0.0,0.0,0.0,0.0,0.0
option1,2036,4969.93,4698.1,-271.83,118.69,0.0,-118.69,153.14,0.0,-153.14,271.83,0.0,-271.83,static,0.0,0.0,0.0,0.0,0.0,0.0,0.0,0.0
option1,2037,5195.18,4910.71,-284.47,125.29,0.0,-125.29,159.18,0.0,-159.18,284.47,-0.0,-284.47,static,0.0,0.0,0.0,0.0,0.0,0.0,0.0,0.0
option1,2038,5455.75,5156.67,-299.08,131.94,0.0,-131.94,167.14,0.0,-167.14,299.08,0.0,-299.08,static,0.0,0.0,0.0,0.0,0.0,0.0,0.0,0.0
option1,2039,5708.82,5394.65,-314.17,138.64,0.0,-138.64,175.53,0.0,-175.53,314.17,0.0,-314.17,static,0.0,0.0,0.0,0.0,0.0,0.0,0.0,0.0
option1,2040,5992.01,5662.33,-329.68,145.32,0.0,-145.32,184.37,0.0,-184.37,329.68,0.0,-329.68,static,0.0,0.0,0.0,0.0,0.0,0.0,0.0,0.0
option1,2041,6271.75,5928.18,-343.57,152.26,0.0,-152.26,191.31,0.0,-191.31,343.57,0.0,-343.57,static,0.0,0.0,0.0,0.0,0.0,0.0,0.0,0.0
option1,2042,6593.43,6235.9,-357.54,159.2,0.0,-159.2,198.34,0.0,-198.34,357.54,0.0,-357.54,static,0.0,0.0,0.0,0.0,0.0,0.0,0.0,0.0
option1,2043,6887.11,6513.04,-374.07,166.35,0.0,-166.35,207.72,0.0,-207.72,374.07,0.0,-374.07,static,0.0,0.0,0.0,0.0,0.0,0.0,0.0,0.0
option1,2044,7214.69,6825.64,-389.05,173.65,0.0,-173.65,215.4,0.0,-215.4,389.05,0.0,-389.05,static,0.0,0.0,0.0,0.0,0.0,0.0,0.0,0.0
option1,2045,7586.72,7179.85,-406.86,181.24,0.0,-181.24,225.62,0.0,-225.62,406.86,0.0,-406.86,static,0.0,0.0,0.0,0.0,0.0,0.0,0.0,0.0
option1,2046,7960.34,7537.18,-423.16,189.23,0.0,-189.23,233.93,0.0,-233.93,423.16,0.0,-423.16,static,0.0,0.0,0.0,0.0,0.0,0.0,0.0,0.0
option1,2047,8360.72,7920.56,-440.16,197.64,0.0,-197.64,242.53,0.0,-242.53,440.16,0.0,-440.16,static,0.0,0.0,0.0,0.0,0.0,0.0,0.0,0.0
option1,2048,8772.49,8311.87,-460.62,206.49,0.0,-206.49,254.13,0.0,-254.13,460.62,0.0,-460.62,static,0.0,0.0,0.0,0.0,0.0,0.0,0.0,0.0
option1,2049,9173.85,8694.43,-479.42,215.72,0.0,-215.72,263.7,0.0,-263.7,479.42,0.0,-479.42,static,0.0,0.0,0.0,0.0,0.0,0.0,0.0,0.0
option1,2050,9570.3,9063.71,-506.59,230.01,0.0,-230.01,276.58,0.0,-276.58,506.59,0.0,-506.59,static,0.0,0.0,0.0,0.0,0.0,0.0,0.0,0.0
option1,2051,9963.5,9436.15,-527.35,240.24,0.0,-240.24,287.11,0.0,-287.11,527.35,0.0,-527.35,static,0.0,0.0,0.0,0.0,0.0,0.0,0.0,0.0
option1,2052,10406.89,9854.7,-552.2,251.06,0.0,-251.06,301.14,0.0,-301.14,552.2,0.0,-552.2,static,0.0,0.0,0.0,0.0,0.0,0.0,0.0,0.0
option1,2053,10910.82,10335.57,-575.25,262.52,0.0,-262.52,312.73,0.0,-312.73,575.25,0.0,-575.25,static,0.0,0.0,0.0,0.0,0.0,0.0,0.0,0.0
option1,2054,11476.68,10874.25,-602.43,274.5,0.0,-274.5,327.93,0.0,-327.93,602.43,0.0,-602.43,static,0.0,0.0,0.0,0.0,0.0,0.0,0.0,0.0
option1,2055,12114.6,11483.52,-631.08,287.18,0.0,-287.18,343.9,0.0,-343.9,631.08,0.0,-631.08,static,0.0,0.0,0.0,0.0,0.0,0.0,0.0,0.0
option1,2056,12635.47,11977.93,-657.54,300.56,0.0,-300.56,356.98,0.0,-356.98,657.54,0.0,-657.54,static,0.0,0.0,0.0,0.0,0.0,0.0,0.0,0.0
option1,2057,13231.74,12542.88,-688.86,314.7,0.0,-314.7,374.16,0.0,-374.16,688.86,0.0,-688.86,static,0.0,0.0,0.0,0.0,0.0,0.0,0.0,0.0
option1,2058,13812.88,13091.05,-721.83,329.64,0.0,-329.64,392.19,0.0,-392.19,721.83,0.0,-721.83,static,0.0,0.0,0.0,0.0,0.0,0.0,0.0,0.0
option1,2059,14419.02,13662.71,-756.31,345.05,0.0,-345.04,411.27,0.0,-411.27,756.31,0.0,-756.31,static,0.0,0.0,0.0,0.0,0.0,0.0,0.0,0.0
option1,2060,14959.21,14170.81,-788.39,361.13,0.0,-361.13,427.26,0.0,-427.26,788.39,0.0,-788.39,static,0.0,0.0,0.0,0.0,0.0,0.0,0.0,0.0
option1,2061,15728.96,14903.51,-825.44,377.54,0.0,-377.54,447.91,0.0,-447.91,825.45,0.0,-825.44,static,0.0,0.0,0.0,0.0,0.0,0.0,0.0,0.0
option1,2062,16474.6,15610.18,-864.42,394.78,0.0,-394.78,469.64,0.0,-469.64,864.42,0.0,-864.42,static,0.0,0.0,0.0,0.0,0.0,0.0,0.0,0.0
option1,2063,17343.28,16442.92,-900.35,412.43,0.0,-412.43,487.92,0.0,-487.92,900.35,0.0,-900.35,static,0.0,0.0,0.0,0.0,0.0,0.0,0.0,0.0
option1,2064,18296.42,17354.45,-941.97,430.56,0.0,-430.56,511.41,0.0,-511.41,941.97,0.0,-941.97,static,0.0,0.0,0.0,0.0,0.0,0.0,0.0,0.0
option1,2065,19237.88,18257.01,-980.87,449.83,0.0,-449.83,531.04,0.0,-531.04,980.87,0.0,-980.87,static,0.0,0.0,0.0,0.0,0.0,0.0,0.0,0.0
option1,2066,20156.91,19129.18,-1027.73,469.55,0.0,-469.55,558.18,0.0,-558.18,1027.73,0.0,-1027.73,static,0.0,0.0,0.0,0.0,0.0,0.0,0.0,0.0
option1,2067,21268.38,20194.62,-1073.77,489.58,0.0,-489.58,584.19,0.0,-584.19,1073.77,0.0,-1073.77,static,0.0,0.0,0.0,0.0,0.0,0.0,0.0,0.0
option1,2068,22485.51,21369.54,-1115.97,510.96,0.0,-510.96,605.01,0.0,-605.01,1115.97,0.0,-1115.97,static,0.0,0.0,0.0,0.0,0.0,0.0,0.0,0.0
option1,2069,23604.17,22437.16,-1167.0,533.23,0.0,-533.23,633.77,0.0,-633.77,1167.0,0.0,-1167.0,static,0.0,0.0,0.0,0.0,0.0,0.0,0.0,0.0
option1,2070,24533.26,23319.22,-1214.04,556.5,0.0,-556.5,657.54,0.0,-657.54,1214.04,0.0,-1214.04,static,0.0,0.0,0.0,0.0,0.0,0.0,0.0,0.0
option1,2071,25487.58,24218.43,-1269.16,580.64,0.0,-580.64,688.51,0.0,-688.51,1269.16,0.0,-1269.16,static,0.0,0.0,0.0,0.0,0.0,0.0,0.0,0.0
option1,2072,26544.07,25217.48,-1326.6,605.66,0.0,-605.66,720.94,0.0,-720.94,1326.6,0.0,-1326.6,static,0.0,0.0,0.0,0.0,0.0,0.0,0.0,0.0
option1,2073,27541.54,26161.56,-1379.99,631.9,0.0,-631.9,748.09,0.0,-748.09,1379.99,0.0,-1379.99,static,0.0,0.0,0.0,0.0,0.0,0.0,0.0,0.0
option1,2074,28655.89,27213.44,-1442.45,659.0,0.0,-658.99,783.45,0.0,-783.45,1442.45,0.0,-1442.45,static,0.0,0.0,0.0,0.0,0.0,0.0,0.0,0.0
option1,2075,29746.26,28245.55,-1500.71,687.37,0.0,-687.37,813.34,0.0,-813.34,1500.72,0.0,-1500.71,static,0.0,0.0,0.0,0.0,0.0,0.0,0.0,0.0
option1,2076,30861.12,29293.09,-1568.03,716.2,0.0,-716.2,851.83,0.0,-851.83,1568.04,0.0,-1568.03,static,0.0,0.0,0.0,0.0,0.0,0.0,0.0,0.0
option1,2077,32184.28,30554.65,-1629.63,745.71,0.0,-745.71,883.92,0.0,-883.92,1629.63,0.0,-1629.63,static,0.0,0.0,0.0,0.0,0.0,0.0,0.0,0.0
option1,2078,33355.62,31661.52,-1694.1,776.47,0.0,-776.47,917.63,0.0,-917.63,1694.1,0.0,-1694.1,static,0.0,0.0,0.0,0.0,0.0,0.0,0.0,0.0
option1,2079,34882.62,33113.54,-1769.08,808.06,0.0,-808.06,961.02,0.0,-961.02,1769.08,0.0,-1769.08,static,0.0,0.0,0.0,0.0,0.0,0.0,0.0,0.0
option1,2080,36869.2,35030.64,-1838.57,840.35,0.0,-840.35,998.22,0.0,-998.22,1838.57,0.0,-1838.57,static,0.0,0.0,0.0,0.0,0.0,0.0,0.0,0.0
option1,2081,39012.42,37102.23,-1910.2,872.35,0.0,-872.35,1037.85,0.0,-1037.85,1910.2,0.0,-1910.2,static,0.0,0.0,0.0,0.0,0.0,0.0,0.0,0.0
option1,2082,41046.12,39062.48,-1983.63,906.18,0.0,-906.18,1077.45,0.0,-1077.45,1983.63,0.0,-1983.63,static,0.0,0.0,0.0,0.0,0.0,0.0,0.0,0.0
option1,2083,42990.89,40931.46,-2059.42,940.7,0.0,-940.7,1118.72,0.0,-1118.72,2059.42,0.0,-2059.42,static,0.0,0.0,0.0,0.0,0.0,0.0,0.0,0.0
option1,2084,44949.8,42812.55,-2137.25,975.87,0.0,-975.87,1161.38,0.0,-1161.38,2137.25,0.0,-2137.25,static,0.0,0.0,0.0,0.0,0.0,0.0,0.0,0.0
option1,2085,46813.82,44596.18,-2217.64,1011.06,0.0,-1011.06,1206.58,0.0,-1206.58,2217.64,0.0,-2217.64,static,0.0,0.0,0.0,0.0,0.0,0.0,0.0,0.0
option1,2086,48730.92,46440.0,-2290.93,1048.43,0.0,-1048.43,1242.5,0.0,-1242.5,2290.93,0.0,-2290.93,static,0.0,0.0,0.0,0.0,0.0,0.0,0.0,0.0
option1,2087,51306.51,48928.47,-2378.04,1086.68,0.0,-1086.68,1291.35,0.0,-1291.35,2378.04,0.0,-2378.04,static,0.0,0.0,0.0,0.0,0.0,0.0,0.0,0.0
option1,2088,53632.43,51163.93,-2468.5,1126.57,0.0,-1126.57,1341.92,0.0,-1341.92,2468.5,0.0,-2468.5,static,0.0,0.0,0.0,0.0,0.0,0.0,0.0,0.0
option1,2089,55680.14,53130.59,-2549.55,1167.47,0.0,-1167.47,1382.08,0.0,-1382.08,2549.55,0.0,-2549.55,static,0.0,0.0,0.0,0.0,0.0,0.0,0.0,0.0
option1,2090,58109.01,55462.79,-2646.22,1209.32,0.0,-1209.32,1436.9,0.0,-1436.9,2646.22,0.0,-2646.22,static,0.0,0.0,0.0,0.0,0.0,0.0,0.0,0.0
option1,2091,60904.67,58157.89,-2746.78,1252.9,0.0,-1252.9,1493.89,0.0,-1493.89,2746.78,0.0,-2746.78,static,0.0,0.0,0.0,0.0,0.0,0.0,0.0,0.0
option1,2092,63917.68,61080.02,-2837.67,1298.35,0.0,-1298.35,1539.32,0.0,-1539.32,2837.67,0.0,-2837.67,static,0.0,0.0,0.0,0.0,0.0,0.0,0.0,0.0
option1,2093,66857.49,63911.57,-2945.92,1345.4,0.0,-1345.4,1600.52,0.0,-1600.52,2945.92,0.0,-2945.92,static,0.0,0.0,0.0,0.0,0.0,0.0,0.0,0.0
option1,2094,69792.56,66733.96,-3058.6,1395.11,0.0,-1395.11,1663.49,0.0,-1663.49,3058.6,0.0,-3058.6,static,0.0,0.0,0.0,0.0,0.0,0.0,0.0,0.0
option1,2095,72593.86,69416.45,-3177.41,1448.02,0.0,-1448.02,1729.39,0.0,-1729.39,3177.41,0.0,-3177.41,static,0.0,0.0,0.0,0.0,0.0,0.0,0.0,0.0
option1,2096,75835.3,72534.04,-3301.26,1503.94,0.0,-1503.94,1797.32,0.0,-1797.32,3301.26,0.0,-3301.26,static,0.0,0.0,0.0,0.0,0.0,0.0,0.0,0.0
option1,2097,79188.16,75774.91,-3413.25,1562.33,0.0,-1562.33,1850.92,0.0,-1850.92,3413.25,0.0,-3413.25,static,0.0,0.0,0.0,0.0,0.0,0.0,0.0,0.0
option1,2098,83126.35,79579.42,-3546.94,1623.38,0.0,-1623.38,1923.56,0.0,-1923.56,3546.94,0.0,-3546.94,static,0.0,0.0,0.0,0.0,0.0,0.0,0.0,0.0
option1,2099,88462.17,84756.64,-3705.53,1688.15,0.0,-1688.15,2017.38,0.0,-2017.38,3705.53,0.0,-3705.53,static,0.0,0.0,0.0,0.0,0.0,0.0,0.0,0.0
option1,2100,93385.15,89532.34,-3852.81,1755.98,0.0,-1755.98,2096.83,0.0,-2096.83,3852.81,0.0,-3852.81,static,0.0,0.0,0.0,0.0,0.0,0.0,0.0,0.0
option2,2026,2670.72,2697.47,26.75,51.5,73.07,21.58,76.26,81.43,5.17,127.76,154.5,26.75,static,0.0,0.0,0.0,0.0,0.0,0.0,0.0,0.0
option2,2027,2853.98,2879.03,25.05,59.23,79.19,19.96,82.23,87.32,5.09,141.46,166.51,25.05,static,0.0,0.0,0.0,0.0,0.0,0.0,0.0,0.0
option2,2028,3061.26,3087.45,26.19,64.22,85.06,20.85,88.49,93.84,5.35,152.71,178.9,26.19,static,0.0,0.0,0.0,0.0,0.0,0.0,0.0,0.0
option2,2029,3301.66,3339.18,37.52,70.06,97.12,27.06,94.76,105.22,10.46,164.82,202.34,37.52,static,0.0,0.0,0.0,0.0,0.0,0.0,0.0,0.0
option2,2030,3538.56,3578.09,39.53,76.74,105.38,28.64,102.93,113.82,10.89,179.67,219.2,39.53,static,0.0,0.0,0.0,0.0,0.0,0.0,0.0,0.0
option2,2031,3756.81,3797.63,40.82,83.18,112.92,29.74,111.3,122.38,11.08,194.48,235.3,40.82,static,0.0,0.0,0.0,0.0,0.0,0.0,0.0,0.0
option2,2032,4017.02,4058.69,41.68,90.04,120.45,30.41,120.29,131.55,11.26,210.33,252.0,41.68,static,0.0,0.0,0.0,0.0,0.0,0.0,0.0,0.0
option2,2033,4256.87,4298.56,41.69,97.27,127.61,30.34,128.43,139.77,11.35,225.7,267.39,41.69,static,0.0,0.0,0.0,0.0,0.0,0.0,0.0,0.0
option2,2034,4503.4,4544.79,41.4,104.77,135.03,30.26,138.46,149.6,11.14,243.23,284.63,41.4,static,0.0,0.0,0.0,0.0,0.0,0.0,0.0,0.0
option2,2035,4733.31,4774.52,41.2,111.99,142.07,30.08,145.71,156.83,11.12,257.69,298.9,41.2,static,0.0,0.0,0.0,0.0,0.0,0.0,0.0,0.0
option2,2036,4969.93,5011.42,41.49,118.69,148.87,30.18,153.14,164.45,11.31,271.83,313.33,41.49,static,0.0,0.0,0.0,0.0,0.0,0.0,0.0,0.0
option2,2037,5195.18,5237.06,41.88,125.29,155.58,30.29,159.18,170.77,11.59,284.47,326.35,41.88,static,0.0,0.0,0.0,0.0,0.0,0.0,0.0,0.0
option2,2038,5455.75,5498.28,42.53,131.94,162.66,30.72,167.14,178.95,11.81,299.08,341.61,42.53,static,0.0,0.0,0.0,0.0,0.0,0.0,0.0,0.0
option2,2039,5708.82,5752.34,43.52,138.64,170.09,31.45,175.53,187.59,12.07,314.17,357.68,43.52,static,0.0,0.0,0.0,0.0,0.0,0.0,0.0,0.0
option2,2040,5992.01,6036.71,44.7,145.32,177.74,32.43,184.37,196.64,12.27,329.68,374.38,44.7,static,0.0,0.0,0.0,0.0,0.0,0.0,0.0,0.0
option2,2041,6271.75,6316.1,44.35,152.26,184.33,32.07,191.31,203.59,12.28,343.57,387.92,44.35,static,0.0,0.0,0.0,0.0,0.0,0.0,0.0,0.0
option2,2042,6593.43,6637.68,44.25,159.2,191.2,32.0,198.34,210.59,12.25,357.54,401.79,44.25,static,0.0,0.0,0.0,0.0,0.0,0.0,0.0,0.0
option2,2043,6887.11,6931.95,44.85,166.35,198.97,32.62,207.72,219.94,12.22,374.07,418.91,44.85,static,0.0,0.0,0.0,0.0,0.0,0.0,0.0,0.0
option2,2044,7214.69,7260.12,45.43,173.65,206.84,33.19,215.4,227.64,12.24,389.05,434.48,45.43,static,0.0,0.0,0.0,0.0,0.0,0.0,0.0,0.0
option2,2045,7586.72,7634.07,47.35,181.24,216.15,34.91,225.62,238.06,12.44,406.86,454.21,47.35,static,0.0,0.0,0.0,0.0,0.0,0.0,0.0,0.0
option2,2046,7960.34,8009.67,49.33,189.23,225.72,36.49,233.93,246.77,12.84,423.16,472.49,49.33,static,0.0,0.0,0.0,0.0,0.0,0.0,0.0,0.0
option2,2047,8360.72,8411.94,51.21,197.64,235.61,37.98,242.53,255.76,13.24,440.16,491.38,51.21,static,0.0,0.0,0.0,0.0,0.0,0.0,0.0,0.0
option2,2048,8772.49,8825.15,52.66,206.49,245.7,39.21,254.13,267.58,13.45,460.62,513.28,52.66,static,0.0,0.0,0.0,0.0,0.0,0.0,0.0,0.0
option2,2049,9173.85,9227.37,53.52,215.72,255.48,39.76,263.7,277.46,13.76,479.42,532.94,53.52,static,0.0,0.0,0.0,0.0,0.0,0.0,0.0,0.0
option2,2050,9570.3,9622.02,51.73,230.01,267.93,37.92,276.58,290.39,13.8,506.59,558.32,51.73,static,0.0,0.0,0.0,0.0,0.0,0.0,0.0,0.0
option2,2051,9963.5,10015.8,52.3,240.24,278.3,38.05,287.11,301.36,14.24,527.35,579.65,52.3,static,0.0,0.0,0.0,0.0,0.0,0.0,0.0,0.0
option2,2052,10406.89,10460.9,54.01,251.06,290.71,39.65,301.14,315.5,14.36,552.2,606.2,54.01,static,0.0,0.0,0.0,0.0,0.0,0.0,0.0,0.0
option2,2053,10910.82,10965.72,54.91,262.52,302.89,40.37,312.73,327.27,14.53,575.25,630.16,54.91,static,0.0,0.0,0.0,0.0,0.0,0.0,0.0,0.0
option2,2054,11476.68,11533.52,56.84,274.5,316.6,42.1,327.93,342.67,14.74,602.43,659.27,56.84,static,0.0,0.0,0.0,0.0,0.0,0.0,0.0,0.0
option2,2055,12114.6,12173.77,59.17,287.18,331.34,44.16,343.9,358.91,15.01,631.08,690.25,59.17,static,0.0,0.0,0.0,0.0,0.0,0.0,0.0,0.0
option2,2056,12635.47,12695.67,60.19,300.56,345.51,44.95,356.98,372.22,15.25,657.54,717.73,60.19,static,0.0,0.0,0.0,0.0,0.0,0.0,0.0,0.0
option2,2057,13231.74,13294.92,63.18,314.7,362.35,47.64,374.16,389.69,15.53,688.86,752.04,63.18,static,0.0,0.0,0.0,0.0,0.0,0.0,0.0,0.0
option2,2058,13812.88,13878.11,65.23,329.64,379.15,49.51,392.19,407.91,15.72,721.83,787.06,65.23,static,0.0,0.0,0.0,0.0,0.0,0.0,0.0,0.0
option2,2059,14419.02,14486.59,67.58,345.05,396.61,51.56,411.27,427.28,16.01,756.31,823.89,67.58,static,0.0,0.0,0.0,0.0,0.0,0.0,0.0,0.0
option2,2060,14959.21,15028.61,69.41,361.13,414.26,53.12,427.26,443.54,16.28,788.39,857.8,69.41,static,0.0,0.0,0.0,0.0,0.0,0.0,0.0,0.0
option2,2061,15728.96,15801.82,72.87,377.54,433.9,56.35,447.91,464.42,16.51,825.45,898.31,72.87,static,0.0,0.0,0.0,0.0,0.0,0.0,0.0,0.0
option2,2062,16474.6,16550.42,75.82,394.78,453.97,59.19,469.64,486.27,16.63,864.42,940.24,75.82,static,0.0,0.0,0.0,0.0,0.0,0.0,0.0,0.0
option2,2063,17343.28,17420.02,76.74,412.43,472.38,59.96,487.92,504.71,16.79,900.35,977.1,76.74,static,0.0,0.0,0.0,0.0,0.0,0.0,0.0,0.0
option2,2064,18296.42,18373.19,76.77,430.56,490.77,60.2,511.41,527.97,16.56,941.97,1018.74,76.77,static,0.0,0.0,0.0,0.0,0.0,0.0,0.0,0.0
option2,2065,19237.88,19316.22,78.34,449.83,511.56,61.73,531.04,547.65,16.61,980.87,1059.21,78.34,static,0.0,0.0,0.0,0.0,0.0,0.0,0.0,0.0
option2,2066,20156.91,20240.14,83.23,469.55,535.91,66.36,558.18,575.05,16.87,1027.73,1110.96,83.23,static,0.0,0.0,0.0,0.0,0.0,0.0,0.0,0.0
option2,2067,21268.38,21355.27,86.89,489.58,559.31,69.73,584.19,601.35,17.16,1073.77,1160.66,86.89,static,0.0,0.0,0.0,0.0,0.0,0.0,0.0,0.0
option2,2068,22485.51,22574.54,89.03,510.96,582.63,71.66,605.01,622.37,17.36,1115.97,1205.0,89.03,static,0.0,0.0,0.0,0.0,0.0,0.0,0.0,0.0
option2,2069,23604.17,23697.81,93.64,533.23,609.21,75.98,633.77,651.44,17.66,1167.0,1260.64,93.64,static,0.0,0.0,0.0,0.0,0.0,0.0,0.0,0.0
option2,2070,24533.26,24631.01,97.75,556.5,636.21,79.71,657.54,675.58,18.04,1214.04,1311.79,97.75,static,0.0,0.0,0.0,0.0,0.0,0.0,0.0,0.0
option2,2071,25487.58,25591.2,103.62,580.64,665.78,85.13,688.51,707.0,18.49,1269.16,1372.78,103.62,static,0.0,0.0,0.0,0.0,0.0,0.0,0.0,0.0
option2,2072,26544.07,26650.78,106.71,605.66,693.73,88.08,720.94,739.57,18.63,1326.6,1433.3,106.71,static,0.0,0.0,0.0,0.0,0.0,0.0,0.0,0.0
option2,2073,27541.54,27650.86,109.31,631.9,722.49,90.59,748.09,766.81,18.72,1379.99,1489.3,109.31,static,0.0,0.0,0.0,0.0,0.0,0.0,0.0,0.0
option2,2074,28655.89,28775.99,120.1,659.0,759.49,100.5,783.45,803.06,19.6,1442.45,1562.55,120.1,static,0.0,0.0,0.0,0.0,0.0,0.0,0.0,0.0
option2,2075,29746.26,29876.34,130.08,687.37,796.9,109.53,813.34,833.89,20.55,1500.72,1630.79,130.08,static,0.0,0.0,0.0,0.0,0.0,0.0,0.0,0.0
option2,2076,30861.12,30999.31,138.19,716.2,833.04,116.84,851.83,873.18,21.35,1568.04,1706.22,138.19,static,0.0,0.0,0.0,0.0,0.0,0.0,0.0,0.0
option2,2077,32184.28,32330.19,145.91,745.71,869.38,123.67,883.92,906.15,22.23,1629.63,1775.53,145.91,static,0.0,0.0,0.0,0.0,0.0,0.0,0.0,0.0
option2,2078,33355.62,33500.64,145.02,776.47,898.96,122.49,917.63,940.16,22.53,1694.1,1839.12,145.02,static,0.0,0.0,0.0,0.0,0.0,0.0,0.0,0.0
option2,2079,34882.62,35030.81,148.19,808.06,933.12,125.06,961.02,984.15,23.13,1769.08,1917.27,148.19,static,0.0,0.0,0.0,0.0,0.0,0.0,0.0,0.0
option2,2080,36869.2,37022.78,153.57,840.35,970.0,129.65,998.22,1022.14,23.92,1838.57,1992.14,153.57,static,0.0,0.0,0.0,0.0,0.0,0.0,0.0,0.0
option2,2081,39012.42,39177.18,164.76,872.35,1012.09,139.74,1037.85,1062.87,25.02,1910.2,2074.96,164.76,static,0.0,0.0,0.0,0.0,0.0,0.0,0.0,0.0
option2,2082,41046.12,41221.87,175.75,906.18,1055.85,149.67,1077.45,1103.53,26.08,1983.63,2159.39,175.75,static,0.0,0.0,0.0,0.0,0.0,0.0,0.0,0.0
option2,2083,42990.89,43171.05,180.16,940.7,1093.93,153.23,1118.72,1145.65,26.93,2059.42,2239.58,180.16,static,0.0,0.0,0.0,0.0,0.0,0.0,0.0,0.0
option2,2084,44949.8,45141.08,191.27,975.87,1138.75,162.89,1161.38,1189.77,28.39,2137.25,2328.52,191.27,static,0.0,0.0,0.0,0.0,0.0,0.0,0.0,0.0
option2,2085,46813.82,47010.61,196.79,1011.06,1178.61,167.55,1206.58,1235.82,29.24,2217.64,2414.43,196.79,static,0.0,0.0,0.0,0.0,0.0,0.0,0.0,0.0
option2,2086,48730.92,48915.6,184.68,1048.43,1204.18,155.75,1242.5,1271.43,28.93,2290.93,2475.61,184.68,static,0.0,0.0,0.0,0.0,0.0,0.0,0.0,0.0
option2,2087,51306.51,51506.35,199.84,1086.68,1256.87,170.19,1291.35,1321.01,29.65,2378.04,2577.88,199.84,static,0.0,0.0,0.0,0.0,0.0,0.0,0.0,0.0
option2,2088,53632.43,53840.36,207.93,1126.57,1303.68,177.11,1341.92,1372.75,30.83,2468.5,2676.43,207.93,static,0.0,0.0,0.0,0.0,0.0,0.0,0.0,0.0
option2,2089,55680.14,55881.83,201.69,1167.47,1337.31,169.83,1382.08,1413.93,31.85,2549.55,2751.24,201.69,static,0.0,0.0,0.0,0.0,0.0,0.0,0.0,0.0
option2,2090,58109.01,58314.4,205.39,1209.32,1381.69,172.38,1436.9,1469.92,33.02,2646.22,2851.61,205.39,static,0.0,0.0,0.0,0.0,0.0,0.0,0.0,0.0
option2,2091,60904.67,61122.99,218.32,1252.9,1436.97,184.08,1493.89,1528.13,34.24,2746.78,2965.1,218.32,static,0.0,0.0,0.0,0.0,0.0,0.0,0.0,0.0
option2,2092,63917.68,64142.71,225.03,1298.35,1487.93,189.59,1539.32,1574.76,35.44,2837.67,3062.69,225.03,static,0.0,0.0,0.0,0.0,0.0,0.0,0.0,0.0
option2,2093,66857.49,67096.95,239.46,1345.4,1547.77,202.37,1600.52,1637.61,37.09,2945.92,3185.38,239.46,static,0.0,0.0,0.0,0.0,0.0,0.0,0.0,0.0
option2,2094,69792.56,70046.34,253.78,1395.11,1609.95,214.84,1663.49,1702.43,38.94,3058.6,3312.38,253.78,static,0.0,0.0,0.0,0.0,0.0,0.0,0.0,0.0
option2,2095,72593.86,72866.47,272.61,1448.02,1679.64,231.62,1729.39,1770.38,41.0,3177.41,3450.02,272.61,static,0.0,0.0,0.0,0.0,0.0,0.0,0.0,0.0
option2,2096,75835.3,76116.6,281.3,1503.94,1743.01,239.07,1797.32,1839.55,42.24,3301.26,3582.56,281.3,static,0.0,0.0,0.0,0.0,0.0,0.0,0.0,0.0
option2,2097,79188.16,79482.05,293.9,1562.33,1812.67,250.33,1850.92,1894.48,43.57,3413.25,3707.15,293.9,static,0.0,0.0,0.0,0.0,0.0,0.0,0.0,0.0
option2,2098,83126.35,83418.73,292.38,1623.38,1870.91,247.53,1923.56,1968.4,44.84,3546.94,3839.31,292.38,static,0.0,0.0,0.0,0.0,0.0,0.0,0.0,0.0
option2,2099,88462.17,88771.23,309.07,1688.15,1951.38,263.23,2017.38,2063.21,45.84,3705.53,4014.59,309.07,static,0.0,0.0,0.0,0.0,0.0,0.0,0.0,0.0
option2,2100,93385.15,93725.5,340.35,1755.98,2049.33,293.36,2096.83,2143.82,46.99,3852.81,4193.16,340.35,static,0.0,0.0,0.0,0.0,0.0,0.0,0.0,0.0
option3,2026,2670.72,2697.47,26.75,51.5,73.07,21.58,76.26,81.43,5.17,127.76,154.5,26.75,static,0.0,0.0,0.0,0.0,0.0,0.0,0.0,0.0
option3,2027,2853.98,2879.03,25.05,59.23,79.19,19.96,82.23,87.32,5.09,141.46,166.51,25.05,static,0.0,0.0,0.0,0.0,0.0,0.0,0.0,0.0
option3,2028,3061.26,3087.45,26.19,64.22,85.06,20.85,88.49,93.84,5.35,152.71,178.9,26.19,static,0.0,0.0,0.0,0.0,0.0,0.0,0.0,0.0
option3,2029,3301.66,3300.94,-0.72,70.06,90.5,20.44,94.76,99.18,4.42,164.82,189.68,24.86,static,0.0,0.0,0.0,0.0,0.0,0.0,0.0,0.0
option3,2030,3538.56,3539.54,0.98,76.74,99.21,22.46,102.93,107.38,4.45,179.67,206.58,26.91,static,0.0,0.0,0.0,0.0,0.0,0.0,0.0,0.0
option3,2031,3756.81,3759.41,2.6,83.18,107.0,23.82,111.3,116.03,4.73,194.48,223.04,28.55,static,0.0,0.0,0.0,0.0,0.0,0.0,0.0,0.0
option3,2032,4017.02,4020.7,3.68,90.04,114.76,24.73,120.29,125.18,4.89,210.33,239.95,29.62,static,0.0,0.0,0.0,0.0,0.0,0.0,0.0,0.0
option3,2033,4256.87,4260.74,3.87,97.27,122.29,25.02,128.43,133.03,4.6,225.7,255.32,29.62,static,0.0,0.0,0.0,0.0,0.0,0.0,0.0,0.0
option3,2034,4503.4,4507.12,3.72,104.77,130.29,25.52,138.46,142.55,4.09,243.23,272.84,29.61,static,0.0,0.0,0.0,0.0,0.0,0.0,0.0,0.0
option3,2035,4733.31,4737.03,3.71,111.99,137.62,25.64,145.71,149.41,3.71,257.69,287.04,29.34,static,0.0,0.0,0.0,0.0,0.0,0.0,0.0,0.0
option3,2036,4969.93,4974.37,4.43,118.69,144.95,26.26,153.14,156.87,3.73,271.83,301.83,29.99,static,0.0,0.0,0.0,0.0,0.0,0.0,0.0,0.0
option3,2037,5195.18,5200.79,5.61,125.29,151.94,26.65,159.18,163.31,4.13,284.47,315.25,30.78,static,0.0,0.0,0.0,0.0,0.0,0.0,0.0,0.0
option3,2038,5455.75,5462.91,7.17,131.94,159.16,27.22,167.14,171.97,4.83,299.08,331.13,32.05,static,0.0,0.0,0.0,0.0,0.0,0.0,0.0,0.0
option3,2039,5708.82,5717.88,9.06,138.64,166.59,27.96,175.53,181.18,5.66,314.17,347.78,33.61,static,0.0,0.0,0.0,0.0,0.0,0.0,0.0,0.0
option3,2040,5992.01,6003.08,11.08,145.32,174.12,28.8,184.37,190.81,6.45,329.68,364.93,35.25,static,0.0,0.0,0.0,0.0,0.0,0.0,0.0,0.0
option3,2041,6271.75,6282.8,11.06,152.26,180.38,28.12,191.31,198.28,6.97,343.57,378.66,35.09,static,0.0,0.0,0.0,0.0,0.0,0.0,0.0,0.0
option3,2042,6593.43,6604.55,11.11,159.2,186.9,27.71,198.34,205.66,7.32,357.54,392.56,35.02,static,0.0,0.0,0.0,0.0,0.0,0.0,0.0,0.0
option3,2043,6887.11,6899.48,12.37,166.35,194.68,28.33,207.72,215.44,7.72,374.07,410.11,36.05,static,0.0,0.0,0.0,0.0,0.0,0.0,0.0,0.0
option3,2044,7214.69,7228.14,13.44,173.65,202.43,28.78,215.4,223.4,8.01,389.05,425.84,36.79,static,0.0,0.0,0.0,0.0,0.0,0.0,0.0,0.0
option3,2045,7586.72,7602.69,15.98,181.24,211.71,30.47,225.62,233.91,8.28,406.86,445.62,38.75,static,0.0,0.0,0.0,0.0,0.0,0.0,0.0,0.0
option3,2046,7960.34,7979.01,18.67,189.23,221.31,32.08,233.93,242.75,8.82,423.16,464.06,40.9,static,0.0,0.0,0.0,0.0,0.0,0.0,0.0,0.0
option3,2047,8360.72,8381.94,21.22,197.64,231.63,34.0,242.53,251.8,9.28,440.16,483.44,43.27,static,0.0,0.0,0.0,0.0,0.0,0.0,0.0,0.0
option3,2048,8772.49,8796.01,23.51,206.49,242.64,36.15,254.13,263.25,9.12,460.62,505.89,45.27,static,0.0,0.0,0.0,0.0,0.0,0.0,0.0,0.0
option3,2049,9173.85,9199.02,25.17,215.72,252.96,37.25,263.7,273.12,9.42,479.42,526.08,46.67,static,0.0,0.0,0.0,0.0,0.0,0.0,0.0,0.0
option3,2050,9570.3,9594.75,24.45,230.01,266.14,36.13,276.58,286.44,9.86,506.59,552.58,45.99,static,0.0,0.0,0.0,0.0,0.0,0.0,0.0,0.0
option3,2051,9963.5,9989.18,25.68,240.24,276.63,36.39,287.11,297.94,10.83,527.35,574.57,47.22,static,0.0,0.0,0.0,0.0,0.0,0.0,0.0,0.0
option3,2052,10406.89,10434.86,27.97,251.06,288.97,37.91,301.14,312.57,11.43,552.2,601.54,49.34,static,0.0,0.0,0.0,0.0,0.0,0.0,0.0,0.0
option3,2053,10910.82,10940.24,29.43,262.52,301.33,38.81,312.73,324.87,12.14,575.25,626.2,50.95,static,0.0,0.0,0.0,0.0,0.0,0.0,0.0,0.0
option3,2054,11476.68,11508.8,32.12,274.5,315.1,40.6,327.93,340.86,12.93,602.43,655.96,53.53,static,0.0,0.0,0.0,0.0,0.0,0.0,0.0,0.0
option3,2055,12114.6,12149.56,34.96,287.18,329.77,42.59,343.9,357.55,13.65,631.08,687.32,56.24,static,0.0,0.0,0.0,0.0,0.0,0.0,0.0,0.0
option3,2056,12635.47,12672.09,36.62,300.56,344.14,43.58,356.98,371.37,14.4,657.54,715.51,57.97,static,0.0,0.0,0.0,0.0,0.0,0.0,0.0,0.0
option3,2057,13231.74,13271.84,40.1,314.7,360.94,46.24,374.16,389.12,14.96,688.86,750.06,61.2,static,0.0,0.0,0.0,0.0,0.0,0.0,0.0,0.0
option3,2058,13812.88,13855.74,42.86,329.64,377.87,48.22,392.19,407.57,15.37,721.83,785.43,63.6,static,0.0,0.0,0.0,0.0,0.0,0.0,0.0,0.0
option3,2059,14419.02,14464.85,45.83,345.05,395.35,50.31,411.27,427.14,15.88,756.31,822.49,66.18,static,0.0,0.0,0.0,0.0,0.0,0.0,0.0,0.0
option3,2060,14959.21,15007.3,48.09,361.13,412.66,51.52,427.26,443.92,16.66,788.39,856.58,68.18,static,0.0,0.0,0.0,0.0,0.0,0.0,0.0,0.0
option3,2061,15728.96,15780.71,51.75,377.54,431.78,54.24,447.91,465.03,17.13,825.45,896.81,71.37,static,0.0,0.0,0.0,0.0,0.0,0.0,0.0,0.0
option3,2062,16474.6,16529.89,55.29,394.78,452.11,57.33,469.64,486.81,17.17,864.42,938.92,74.5,static,0.0,0.0,0.0,0.0,0.0,0.0,0.0,0.0
option3,2063,17343.28,17400.51,57.24,412.43,471.11,58.69,487.92,505.61,17.68,900.35,976.72,76.37,static,0.0,0.0,0.0,0.0,0.0,0.0,0.0,0.0
option3,2064,18296.42,18354.15,57.73,430.56,489.39,58.82,511.41,529.38,17.97,941.97,1018.77,76.79,static,0.0,0.0,0.0,0.0,0.0,0.0,0.0,0.0
option3,2065,19237.88,19297.87,60.0,449.83,510.2,60.37,531.04,549.56,18.52,980.87,1059.77,78.9,static,0.0,0.0,0.0,0.0,0.0,0.0,0.0,0.0
option3,2066,20156.91,20222.57,65.66,469.55,534.83,65.28,558.18,576.71,18.53,1027.73,1111.54,83.81,static,0.0,0.0,0.0,0.0,0.0,0.0,0.0,0.0
option3,2067,21268.38,21338.24,69.85,489.58,558.3,68.73,584.19,603.48,19.29,1073.77,1161.79,88.02,static,0.0,0.0,0.0,0.0,0.0,0.0,0.0,0.0
option3,2068,22485.51,22557.98,72.46,510.96,581.95,70.99,605.01,624.76,19.75,1115.97,1206.71,90.74,static,0.0,0.0,0.0,0.0,0.0,0.0,0.0,0.0
option3,2069,23604.17,23681.64,77.47,533.23,608.38,75.15,633.77,653.89,20.12,1167.0,1262.27,95.27,static,0.0,0.0,0.0,0.0,0.0,0.0,0.0,0.0
option3,2070,24533.26,24615.0,81.74,556.5,634.95,78.45,657.54,678.33,20.79,1214.04,1313.28,99.24,static,0.0,0.0,0.0,0.0,0.0,0.0,0.0,0.0
option3,2071,25487.58,25575.19,87.61,580.64,664.43,83.79,688.51,709.16,20.64,1269.16,1373.59,104.43,static,0.0,0.0,0.0,0.0,0.0,0.0,0.0,0.0
option3,2072,26544.07,26634.82,90.75,605.66,691.9,86.24,720.94,741.77,20.83,1326.6,1433.66,107.07,static,0.0,0.0,0.0,0.0,0.0,0.0,0.0,0.0
option3,2073,27541.54,27635.06,93.52,631.9,719.95,88.05,748.09,769.18,21.09,1379.99,1489.13,109.14,static,0.0,0.0,0.0,0.0,0.0,0.0,0.0,0.0
option3,2074,28655.89,28760.27,104.38,659.0,757.2,98.2,783.45,804.16,20.71,1442.45,1561.36,118.91,static,0.0,0.0,0.0,0.0,0.0,0.0,0.0,0.0
option3,2075,29746.26,29860.52,114.25,687.37,794.56,107.19,813.34,834.23,20.89,1500.72,1628.79,128.08,static,0.0,0.0,0.0,0.0,0.0,0.0,0.0,0.0
option3,2076,30861.12,30983.44,122.32,716.2,830.56,114.36,851.83,872.91,21.07,1568.04,1703.47,135.43,static,0.0,0.0,0.0,0.0,0.0,0.0,0.0,0.0
option3,2077,32184.28,32314.22,129.94,745.71,866.57,120.86,883.92,905.57,21.65,1629.63,1772.13,142.51,static,0.0,0.0,0.0,0.0,0.0,0.0,0.0,0.0
option3,2078,33355.62,33484.57,128.95,776.47,895.52,119.04,917.63,939.97,22.34,1694.1,1835.49,141.38,static,0.0,0.0,0.0,0.0,0.0,0.0,0.0,0.0
option3,2079,34882.62,35014.86,132.23,808.06,929.59,121.53,961.02,983.71,22.68,1769.08,1913.3,144.21,static,0.0,0.0,0.0,0.0,0.0,0.0,0.0,0.0
option3,2080,36869.2,37006.86,137.66,840.35,966.54,126.19,998.22,1021.49,23.27,1838.57,1988.03,149.46,static,0.0,0.0,0.0,0.0,0.0,0.0,0.0,0.0
option3,2081,39012.42,39161.49,149.07,872.35,1008.9,136.55,1037.85,1061.98,24.13,1910.2,2070.87,160.67,static,0.0,0.0,0.0,0.0,0.0,0.0,0.0,0.0
option3,2082,41046.12,41206.42,160.3,906.18,1052.79,146.61,1077.45,1102.66,25.2,1983.63,2155.45,171.81,static,0.0,0.0,0.0,0.0,0.0,0.0,0.0,0.0
option3,2083,42990.89,43155.87,164.99,940.7,1090.8,150.1,1118.72,1145.1,26.38,2059.42,2235.9,176.48,static,0.0,0.0,0.0,0.0,0.0,0.0,0.0,0.0
option3,2084,44949.8,45126.3,176.5,975.87,1135.81,159.95,1161.38,1189.23,27.84,2137.25,2325.04,187.79,static,0.0,0.0,0.0,0.0,0.0,0.0,0.0,0.0
option3,2085,46813.82,46996.09,182.27,1011.06,1175.7,164.64,1206.58,1235.48,28.9,2217.64,2411.18,193.53,static,0.0,0.0,0.0,0.0,0.0,0.0,0.0,0.0
option3,2086,48730.92,48901.39,170.47,1048.43,1200.86,152.43,1242.5,1271.86,29.36,2290.93,2472.72,181.8,static,0.0,0.0,0.0,0.0,0.0,0.0,0.0,0.0
option3,2087,51306.51,51492.92,186.42,1086.68,1254.0,167.32,1291.35,1321.37,30.02,2378.04,2575.37,197.34,static,0.0,0.0,0.0,0.0,0.0,0.0,0.0,0.0
option3,2088,53632.43,53827.18,194.75,1126.57,1300.71,174.13,1341.92,1373.22,31.3,2468.5,2673.93,205.43,static,0.0,0.0,0.0,0.0,0.0,0.0,0.0,0.0
option3,2089,55680.14,55868.37,188.23,1167.47,1333.65,166.17,1382.08,1414.62,32.54,2549.55,2748.26,198.71,static,0.0,0.0,0.0,0.0,0.0,0.0,0.0,0.0
option3,2090,58109.01,58300.99,191.99,1209.32,1377.94,168.62,1436.9,1470.31,33.41,2646.22,2848.25,202.03,static,0.0,0.0,0.0,0.0,0.0,0.0,0.0,0.0
option3,2091,60904.67,61109.9,205.23,1252.9,1433.52,180.63,1493.89,1528.31,34.43,2746.78,2961.83,215.05,static,0.0,0.0,0.0,0.0,0.0,0.0,0.0,0.0
option3,2092,63917.68,64129.8,212.12,1298.35,1484.43,186.09,1539.32,1575.1,35.78,2837.67,3059.53,221.86,static,0.0,0.0,0.0,0.0,0.0,0.0,0.0,0.0
option3,2093,66857.49,67084.27,226.78,1345.4,1544.3,198.9,1600.52,1637.77,37.25,2945.92,3182.07,236.15,static,0.0,0.0,0.0,0.0,0.0,0.0,0.0,0.0
option3,2094,69792.56,70033.91,241.35,1395.11,1606.6,211.49,1663.49,1702.4,38.91,3058.6,3309.01,250.41,static,0.0,0.0,0.0,0.0,0.0,0.0,0.0,0.0
option3,2095,72593.86,72854.31,260.45,1448.02,1676.45,228.43,1729.39,1770.17,40.78,3177.41,3446.62,269.22,static,0.0,0.0,0.0,0.0,0.0,0.0,0.0,0.0
option3,2096,75835.3,76104.89,269.6,1503.94,1739.9,235.96,1797.32,1839.39,42.07,3301.26,3579.29,278.03,static,0.0,0.0,0.0,0.0,0.0,0.0,0.0,0.0
option3,2097,79188.16,79470.75,282.59,1562.33,1809.65,247.32,1850.92,1894.36,43.44,3413.25,3704.01,290.76,static,0.0,0.0,0.0,0.0,0.0,0.0,0.0,0.0
option3,2098,83126.35,83407.64,281.28,1623.38,1867.83,244.45,1923.56,1968.31,44.76,3546.94,3836.14,289.21,static,0.0,0.0,0.0,0.0,0.0,0.0,0.0,0.0
option3,2099,88462.17,88760.91,298.75,1688.15,1948.65,260.5,2017.38,2063.1,45.73,3705.53,4011.75,306.23,static,0.0,0.0,0.0,0.0,0.0,0.0,0.0,0.0
option3,2100,93385.15,93725.5,340.35,1755.98,2049.33,293.36,2096.83,2143.82,46.99,3852.81,4193.16,340.35,static,0.0,0.0,0.0,0.0,0.0,0.0,0.0,0.0
option4,2026,2670.7174273001337,2706.755410171234,36.0379828711001,51.49623664311365,73.80000167113056,22.303765028016908,76.25895778375813,65.54135014345859,-10.717607640299544,127.75510516306669,139.33490385143904,11.579798688372342,static,0.0,0.0,0.0,0.0,0.0,0.0,0.0,0.0
option4,2027,2853.975942689365,2888.438100934156,34.46215824479101,59.22804678150438,80.12851886517912,20.900472083674742,82.22953854423012,70.9975843749656,-11.231954169264526,141.4575851360699,151.11410461015095,9.656519474081056,static,0.0,0.0,0.0,0.0,0.0,0.0,0.0,0.0
option4,2028,3061.2610898041025,3096.8826495920184,35.62155978791601,64.21634608601188,86.36296767739827,22.14662159138638,88.49468260969894,76.73506482250164,-11.759617787197296,152.711028484568,163.08947074146948,10.37844225690149,static,0.0,0.0,0.0,0.0,0.0,0.0,0.0,0.0
option4,2029,3301.65773675769,3310.1872042687237,8.529467511033692,70.06237439683954,92.52518179327316,22.462807396433607,94.76164239604536,80.83743653294837,-13.924205863096985,164.8240167912901,173.3534846770155,8.529467885725403,static,0.0,0.0,0.0,0.0,0.0,0.0,0.0,0.0
option4,2030,3538.558648398058,3548.2056874189493,9.6470390208916,76.7434122018191,100.80238300684545,24.05897080502635,102.92980875639432,88.52708622846946,-14.402722527924865,179.67322080396053,189.32025995100963,9.647039147049105,static,0.0,0.0,0.0,0.0,0.0,0.0,0.0,0.0
option4,2031,3756.809432805526,3766.9270175097013,10.117584704175291,83.18290543316925,108.39081049743197,25.20790506426273,111.3017606777592,96.22019489396743,-15.081565783791747,194.48466616612092,204.60225099372184,10.117584827600922,static,0.0,0.0,0.0,0.0,0.0,0.0,0.0,0.0
option4,2032,4017.01607462588,4027.181121565791,10.165046939911132,90.03687309677649,115.92858601243401,25.891712915657518,120.28996802428753,104.57187142981988,-15.718096594467669,210.32684120794133,220.49188811544636,10.165046907505035,static,0.0,0.0,0.0,0.0,0.0,0.0,0.0,0.0
option4,2033,4256.8696618160275,4266.263360296376,9.393698480348633,97.27222331766743,122.9597492853131,25.687525967645676,128.4255187537083,112.14025413938,-16.28526461432831,225.69774232042423,235.0914407564172,9.39369843599292,static,0.0,0.0,0.0,0.0,0.0,0.0,0.0,0.0
option4,2034,4503.396771461051,4511.719600588869,8.322829127818359,104.76918868892668,130.32390511346935,25.55471642454268,138.4610070918495,121.23712512209802,-17.223881969751464,243.2301956383576,251.55302464195606,8.32282900359845,static,0.0,0.0,0.0,0.0,0.0,0.0,0.0,0.0
option4,2035,4733.3117500643575,4740.791516436402,7.479766372044922,111.98852720782517,137.20161856402098,25.213091356195815,145.7063769677508,128.010609883134,-17.69576708461679,257.6949040795535,265.17467054777137,7.479766468217865,static,0.0,0.0,0.0,0.0,0.0,0.0,0.0,0.0
option4,2036,4969.931067177457,4977.134744626603,7.203677449145508,118.69050334795347,143.86183303744025,25.171329689486786,153.1435135674556,135.20052779387692,-17.942985773578705,271.8340167728369,279.0376943612371,7.203677588400146,static,0.0,0.0,0.0,0.0,0.0,0.0,0.0,0.0
option4,2037,5195.175872740098,5202.293427819244,7.117555079145508,125.28986445173148,150.33937011391828,25.0495056621868,159.17943566808844,141.25692011165648,-17.922515556431946,284.46920677315364,291.58676189790435,7.117555124750733,static,0.0,0.0,0.0,0.0,0.0,0.0,0.0,0.0
option4,2038,5455.748058971894,5462.9777159604855,7.22965698859082,131.94263561257412,157.28438204845244,25.341746435878342,167.13806614695196,149.03406333292094,-18.104002814031038,299.08070143471605,306.31035890974465,7.2296574750285645,static,0.0,0.0,0.0,0.0,0.0,0.0,0.0,0.0
option4,2039,5708.819028842268,5716.513451758539,7.694422916270508,138.63787003964984,164.6640422793081,26.026172239658266,175.5278419526872,157.2033284287172,-18.32451352396997,314.1657124446873,321.8601353465804,7.694422901893128,static,0.0,0.0,0.0,0.0,0.0,0.0,0.0,0.0
option4,2040,5992.008773888704,6000.2736984917465,8.264924603041992,145.31616421000038,172.2274610210786,26.911296811078216,184.3672097482838,165.72719146806054,-18.640018280223266,329.6833738137484,337.9482983721007,8.264924558352295,static,0.0,0.0,0.0,0.0,0.0,0.0,0.0,0.0
option4,2041,6271.746954558796,6279.136443313894,7.389488755098633,152.25663149951285,178.58081030043476,26.324178800921906,191.31325239870895,172.3856939500601,-18.927558448648895,343.5698836896769,350.9593724010257,7.389488711348816,static,0.0,0.0,0.0,0.0,0.0,0.0,0.0,0.0
option4,2042,6593.433980038552,6600.252121029388,6.818140990834961,159.19638617482747,185.26553079085141,26.069144616023955,198.34055743572375,179.09557956695045,-19.244977868773315,357.536943679453,364.35508444677345,6.818140767320434,static,0.0,0.0,0.0,0.0,0.0,0.0,0.0,0.0
option4,2043,6887.106555400064,6893.968718544869,6.862163144804687,166.34849958253417,192.9525974346624,26.604097852128206,207.71954906893436,187.9831447679191,-19.73640430101526,374.06804902695603,380.9302120336152,6.86216300665918,static,0.0,0.0,0.0,0.0,0.0,0.0,0.0,0.0
option4,2044,7214.692635850057,7221.589602377283,6.896966527226563,173.65478063751922,200.6765330433435,27.02175240582431,215.39518065528705,195.27515666592032,-20.12002398936673,389.0499621793489,395.9469284246137,6.8969662452648315,static,0.0,0.0,0.0,0.0,0.0,0.0,0.0,0.0
option4,2045,7586.715840546738,7594.842831496916,8.126990950177735,181.2371943743808,209.96752164047896,28.730327266098143,225.624427482204,205.0249811373611,-20.599446344842896,406.8616212111136,414.98861209927094,8.126990888157348,static,0.0,0.0,0.0,0.0,0.0,0.0,0.0,0.0
option4,2046,7960.3412291321965,7969.891986695441,9.550757563245115,189.23050265498117,219.4212073688047,30.190704713823518,233.92951149980996,213.29384740789243,-20.63566409191754,423.1600132903667,432.71077164675734,9.550758356390563,static,0.0,0.0,0.0,0.0,0.0,0.0,0.0,0.0
option4,2047,8360.721060369695,8371.581600879488,10.860540509792969,197.63524397442364,229.18060463810372,31.545360663680086,242.52825662784875,221.84786981749392,-20.68038681035483,440.16350164444975,451.0240422205407,10.860540576090942,static,0.0,0.0,0.0,0.0,0.0,0.0,0.0,0.0
option4,2048,8772.493262246944,8784.161252938111,11.667990691166992,206.491268629398,239.19994394828768,32.70867531888971,254.12967376597965,233.09544246449562,-21.034231301484038,460.62094221785935,472.2889328271131,11.667990609253785,static,0.0,0.0,0.0,0.0,0.0,0.0,0.0,0.0
option4,2049,9173.847494293977,9185.868556779908,12.02106248593164,215.71805829890937,248.82460302771693,33.106544728807556,263.69987289677323,242.62047467092432,-21.079398225848934,479.41793198621673,491.43899430030274,12.021062314086,static,0.0,0.0,0.0,0.0,0.0,0.0,0.0,0.0
option4,2050,9570.296235327736,9579.988709340085,9.692474012347656,230.00591363119938,261.18246126789626,31.1765476366969,276.5829926936061,255.10542162228666,-21.47757107131952,506.5889054521621,516.2813793668325,9.69247391467041,static,0.0,0.0,0.0,0.0,0.0,0.0,0.0,0.0
option4,2051,9963.500977712189,9973.27109950006,9.77012178786914,240.24046387410368,271.5696071477047,31.329143273601012,287.11066183073365,265.5578530865863,-21.55280874414731,527.3511266737803,537.1212483023343,9.770121628554076,static,0.0,0.0,0.0,0.0,0.0,0.0,0.0,0.0
option4,2052,10406.892891203272,10417.509756048988,10.616864845714844,251.0582055290498,283.8652253820438,32.80701985299402,301.1388327738051,278.9548651050043,-22.18396766880084,552.1970377515958,562.8139024528405,10.616864701244753,static,0.0,0.0,0.0,0.0,0.0,0.0,0.0,0.0
option4,2053,10910.816005046725,10921.548853023645,10.732847976921876,262.5158098052913,295.7817274557841,33.26591765049277,312.73283143743606,290.20516168393357,-22.52766975350244,575.2486402646274,585.9814882487885,10.732847984161133,static,0.0,0.0,0.0,0.0,0.0,0.0,0.0,0.0
option4,2054,11476.676185171582,11488.387209020031,11.711023848449221,274.4979955288053,309.29985983012824,34.80186430132294,327.93292762866895,304.8474763935463,-23.08545123512268,602.430922814099,614.1419465754477,11.711023761348757,static,0.0,0.0,0.0,0.0,0.0,0.0,0.0,0.0
option4,2055,12114.598671638472,12127.60047064072,13.001799002248049,287.1755937140661,323.80566089999695,36.63006718593085,343.9014626741083,320.27798813312796,-23.62347454098029,631.0770579995469,644.078856623822,13.001798624275146,static,0.0,0.0,0.0,0.0,0.0,0.0,0.0,0.0
option4,2056,12635.474197436133,12648.543273588497,13.06907615236328,300.5644119649542,337.7398106442255,37.17539867927124,356.97557037516117,332.8743139672462,-24.101256407914974,657.5399807557283,670.6090570995316,13.069076343803344,static,0.0,0.0,0.0,0.0,0.0,0.0,0.0,0.0
option4,2057,13231.739795895304,13246.587902214333,14.848106319027345,314.7011651943916,354.577658604943,39.87649341055139,374.1603262332222,349.1365297715927,-25.023796461629516,688.8614922439338,703.7095985992603,14.848106355326538,static,0.0,0.0,0.0,0.0,0.0,0.0,0.0,0.0
option4,2058,13812.880742614145,13828.817455313645,15.9367126995,329.6424401311534,371.1851711938012,41.54273106264777,392.19141459640906,366.58961070994275,-25.601803886466307,721.833853797021,737.7705663189407,15.936712521919677,static,0.0,0.0,0.0,0.0,0.0,0.0,0.0,0.0
option4,2059,14419.017107205415,14436.159578925859,17.14247172044531,345.04517713121453,388.4680594206881,43.42288228947351,411.2652021100956,384.988870854681,-26.27633125541455,756.3103794848565,773.4528511422669,17.1424716574104,static,0.0,0.0,0.0,0.0,0.0,0.0,0.0,0.0
option4,2060,14959.20557306945,14977.16640638064,17.960833311189454,361.1341153196111,405.79946260158056,44.66534728196948,427.2595938608784,400.55757218296293,-26.70202167791546,788.3937086295609,806.3545421630837,17.960833533522827,static,0.0,0.0,0.0,0.0,0.0,0.0,0.0,0.0
option4,2061,15728.95730277409,15749.198084898198,20.240782124109376,377.54014819190735,425.0575956103778,47.51744741847046,447.9050862093522,420.63094267794884,-27.274143531403322,825.4452340311831,845.6860160119583,20.240781980775143,static,0.0,0.0,0.0,0.0,0.0,0.0,0.0,0.0
option4,2062,16474.59850485711,16496.61533820618,22.016833349070314,394.77803135483947,444.88701042787767,50.108979073038206,469.6399506284004,441.550597721219,-28.089352907181397,864.4179815398161,886.4348155750562,22.016834035240112,static,0.0,0.0,0.0,0.0,0.0,0.0,0.0,0.0
option4,2063,17343.276964328757,17365.100076489325,21.823112160566406,412.42727305097486,462.8686934844693,50.441420433494386,487.92496607346646,459.3096928890141,-28.61527318445246,900.352238580468,922.175350853344,21.8231122728761,static,0.0,0.0,0.0,0.0,0.0,0.0,0.0,0.0
option4,2064,18296.419007711593,18317.154833389715,20.7358256781211,430.5645382288762,481.08141340774915,50.516875178872986,511.40975058938335,481.6318825386829,-29.7778680507005,941.9742886809424,962.7101135791256,20.73582489818323,static,0.0,0.0,0.0,0.0,0.0,0.0,0.0,0.0
option4,2065,19237.877560379544,19259.106158377668,21.228597998125,449.8291644867384,501.6174570603908,51.788292573652406,531.0406063140625,500.48370103602525,-30.55690527803723,980.86977328734,1002.0983708306084,21.22859754326843,static,0.0,0.0,0.0,0.0,0.0,0.0,0.0,0.0
option4,2066,20156.914125880332,20181.831964926507,24.917839046175782,469.5528779867985,526.0173173324307,56.4644393456322,558.1773579298791,526.6334918139864,-31.5438661158927,1027.7302367680156,1052.6480750704823,24.917838302466674,static,0.0,0.0,0.0,0.0,0.0,0.0,0.0,0.0
option4,2067,21268.383576642726,21295.82368456863,27.440107925902343,489.57632571284887,549.2349543555974,59.65862864274853,584.1900412456204,551.9733073524535,-32.21673389316687,1073.766364964793,1101.206472591514,27.44010762672119,static,0.0,0.0,0.0,0.0,0.0,0.0,0.0,0.0
option4,2068,22485.51460998575,22513.896837088698,28.38222710294922,510.96168319735796,572.2260846304287,61.26440143307068,605.0086291540848,572.1277590784874,-32.880870075597414,1115.9703118640389,1144.352538554704,28.382226690665284,static,0.0,0.0,0.0,0.0,0.0,0.0,0.0,0.0
option4,2069,23604.16885898457,23635.979517322452,31.810658337882813,533.2297122316858,598.7485792303291,65.5188669986433,633.7749101679528,600.0673616017308,-33.70754856622205,1167.0046197602355,1198.8152785104724,31.810658750236815,static,0.0,0.0,0.0,0.0,0.0,0.0,0.0,0.0
option4,2070,24533.25986180372,24567.910508255314,34.65064645159375,556.4981561427587,625.4985522623604,69.00039611960169,657.5419995402077,623.1958334247075,-34.346166115500246,1214.0401582879526,1248.6908026132517,34.65064432529883,static,0.0,0.0,0.0,0.0,0.0,0.0,0.0,0.0
option4,2071,25487.58090035244,25526.975938065258,39.39503771282031,580.6433586290893,654.8611898809246,74.21783125183521,688.5127708388994,653.6926312255043,-34.82013961339514,1269.156129384212,1308.5511671944548,39.39503781024292,static,0.0,0.0,0.0,0.0,0.0,0.0,0.0,0.0
option4,2072,26544.07109095706,26585.37860056425,41.307509607191406,605.6563836363161,682.662242677377,77.00585904106079,720.9393502180162,685.2426037771368,-35.696746440879515,1326.5957346993703,1367.9032444336174,41.30750973424707,static,0.0,0.0,0.0,0.0,0.0,0.0,0.0,0.0
option4,2073,27541.54258159347,27584.201033656376,42.65845206290625,631.8999633839582,711.225033267836,79.32506988387793,748.0887423192413,711.4239779793633,-36.664764339878054,1379.9887084597315,1422.6471601338856,42.6584516741543,static,0.0,0.0,0.0,0.0,0.0,0.0,0.0,0.0
option4,2074,28655.885917120922,28708.51804916621,52.63213204529297,658.9950503265561,748.1721651862672,89.17711485971105,783.4536085788015,746.9101604946105,-36.54344808419104,1442.4486599053794,1495.0807916641336,52.63213175875415,static,0.0,0.0,0.0,0.0,0.0,0.0,0.0,0.0
option4,2075,29746.26444719822,29807.99764875272,61.7332015545,687.3738401757242,785.3070681592525,97.9332279835282,813.341222868855,777.1425862923071,-36.19863657654785,1500.7150638380458,1562.4482643342667,61.733200496220704,static,0.0,0.0,0.0,0.0,0.0,0.0,0.0,0.0
option4,2076,30861.12085842085,30929.99295327944,68.87209485858594,716.2009005014484,820.9305820905394,104.72968158909094,851.8349645856035,815.9799772038574,-35.85498738174609,1568.0358644050036,1636.9079594318432,68.8720950268396,static,0.0,0.0,0.0,0.0,0.0,0.0,0.0,0.0
option4,2077,32184.282195095835,32259.89083098451,75.60863588867578,745.7088844026248,856.5725421712032,110.86365776857835,883.9188811961748,848.6691761692939,-35.24970502688086,1629.627766275116,1705.2364021097192,75.60863583460328,static,0.0,0.0,0.0,0.0,0.0,0.0,0.0,0.0
option4,2078,33355.61914743344,33428.840770561204,73.22162312776172,776.4732340431361,885.168559151761,108.69532510862487,917.6299317994581,882.1585517866729,-35.471380012785154,1694.1031689795768,1767.3247907746904,73.22162179511378,static,0.0,0.0,0.0,0.0,0.0,0.0,0.0,0.0
option4,2079,34882.62402722923,34957.73109624579,75.1070690165625,808.0576723324252,918.6338568195404,110.57618448711523,961.0241029274266,925.5561672005385,-35.467935726888065,1769.081773377185,1844.1888424259137,75.10706904872876,static,0.0,0.0,0.0,0.0,0.0,0.0,0.0,0.0
option4,2080,36869.203477052244,36948.52312609753,79.31964904527344,840.3471480079374,955.2921676449583,114.94501963702076,998.2212558686964,962.5983908116689,-35.62286505702783,1838.5684085182231,1917.888058412122,79.31964989389868,static,0.0,0.0,0.0,0.0,0.0,0.0,0.0,0.0
option4,2081,39012.421614289975,39101.84585160366,89.4242373136875,872.346433445021,997.1593389861883,124.81290554116735,1037.8497380988258,1002.463440647187,-35.3862974516388,1910.1962119561788,1999.620448660982,89.42423670480322,static,0.0,0.0,0.0,0.0,0.0,0.0,0.0,0.0
option4,2082,41046.118637456435,41145.5228171116,99.40417965516406,906.1825268480833,1040.6025408113182,134.42001396323525,1077.451537821634,1042.437078185012,-35.01445963662195,1983.6340939478753,2083.0382762035824,99.40418225570704,static,0.0,0.0,0.0,0.0,0.0,0.0,0.0,0.0
option4,2083,42990.88538758393,43093.69704664958,102.81165906564844,940.7028310421962,1078.2221866578543,137.51935561565807,1118.7176984879204,1084.011283439256,-34.706415048664425,2059.4205376342284,2162.232197119023,102.81165948479492,static,0.0,0.0,0.0,0.0,0.0,0.0,0.0,0.0
option4,2084,44949.80361464599,45062.96662984261,113.16301519661721,975.8660667851296,1122.7798766519272,146.91380986679772,1161.3828493513242,1127.633837372148,-33.74901197917627,2137.248919588577,2250.411937124593,113.16301753601611,static,0.0,0.0,0.0,0.0,0.0,0.0,0.0,0.0
option4,2085,46813.81882052174,46931.76171769834,117.94289717660938,1011.0623117285548,1162.4000881922689,151.3377764637141,1206.5806412884692,1173.187769995147,-33.392871293322266,2217.642952254035,2335.5858498315038,117.94289757746877,static,0.0,0.0,0.0,0.0,0.0,0.0,0.0,0.0
option4,2086,48730.92178673848,48835.84409077663,104.92230403814844,1048.4262892421643,1187.7636912295961,139.33740198743178,1242.4993469567535,1208.0861861883095,-34.413160768443845,2290.9256318076696,2395.8479360048646,104.92230419719532,static,0.0,0.0,0.0,0.0,0.0,0.0,0.0,0.0
option4,2087,51306.50573868992,51426.128077159636,119.62233846971094,1086.6821254853478,1240.8986819167335,154.2165564313856,1291.3532746701585,1256.7608538447234,-34.592420825435056,2378.03539710316,2497.6577347558114,119.62233765265137,static,0.0,0.0,0.0,0.0,0.0,0.0,0.0,0.0
option4,2088,53632.42992804853,53759.33029662692,126.90036857839063,1126.5748075794168,1287.4628067423446,160.88799916292774,1341.9223073390501,1307.936194884777,-33.98611245427271,2468.4971176290587,2595.3974860381004,126.900368409042,static,0.0,0.0,0.0,0.0,0.0,0.0,0.0,0.0
option4,2089,55680.138436125126,55799.43267810323,119.29424197810157,1167.4738397436163,1320.1653192333854,152.69147948976928,1382.0788721562672,1348.6828070552788,-33.39606510098828,2549.552708058954,2668.84694999854,119.29424193958594,static,0.0,0.0,0.0,0.0,0.0,0.0,0.0,0.0
option4,2090,58109.005121388196,58230.81037978255,121.80525839435937,1209.3162075867074,1364.1859623394143,154.86975475270702,1436.9033063266659,1403.8396321425375,-33.063674184128175,2646.2195113069934,2768.024769009221,121.80525770222805,static,0.0,0.0,0.0,0.0,0.0,0.0,0.0,0.0
option4,2091,60904.66944238666,61038.5903495935,133.92090720684376,1252.8965111524396,1419.5307917484713,166.6342805960315,1493.8860153308747,1461.1730142182387,-32.71300111263598,2746.7825236080603,2880.7034308178786,133.92090720981835,static,0.0,0.0,0.0,0.0,0.0,0.0,0.0,0.0
option4,2092,63917.68289304224,64056.857088014374,139.17419497213282,1298.3460456857779,1470.4904037841534,172.14435809837548,1539.319034615729,1506.3488628868963,-32.97017172883277,2837.6650827753224,2976.8392726087955,139.17418983347315,static,0.0,0.0,0.0,0.0,0.0,0.0,0.0,0.0
option4,2093,66857.49175084177,67010.18785279359,152.6961019518203,1345.3999128709531,1530.4927605551184,185.0928476841653,1600.518339353043,1568.1215737443547,-32.396765608688234,2945.918248692282,3098.6143515827985,152.6961028905166,static,0.0,0.0,0.0,0.0,0.0,0.0,0.0,0.0
option4,2094,69792.55873516882,69958.9564725112,166.3977373423828,1395.110897429331,1592.8733122894537,197.76241486012256,1663.4910324744778,1632.1263471430427,-31.36468533143506,3058.601944350146,3224.999680055117,166.39773570497118,static,0.0,0.0,0.0,0.0,0.0,0.0,0.0,0.0
option4,2095,72593.85965523277,72778.19650183953,184.3368466067656,1448.0211539944216,1662.6283496207973,214.60719562637573,1729.387884863306,1699.117551030294,-30.270333833011964,3177.409035990799,3361.7458826425773,184.33684665177782,static,0.0,0.0,0.0,0.0,0.0,0.0,0.0,0.0
option4,2096,75835.29843836073,76027.17783604017,191.87939767945312,1503.9410605199382,1725.9351760001332,221.99411548019506,1797.3158285705172,1767.2011097844943,-30.114718786022706,3301.2568812345294,3493.13627807475,191.8793968402207,static,0.0,0.0,0.0,0.0,0.0,0.0,0.0,0.0
option4,2097,79188.15677485347,79391.62762361813,203.47084876465624,1562.3344814136326,1795.453981201795,233.11949978816236,1850.915964292645,1821.2673255151624,-29.648638777482663,3413.250446495091,3616.7212989976983,203.47085250260693,static,0.0,0.0,0.0,0.0,0.0,0.0,0.0,0.0
option4,2098,83126.35411565422,83326.48043282052,200.12631716629687,1623.377635306692,1853.2306548972676,229.85301959057543,1923.5579404289663,1893.831299820194,-29.726640608772218,3546.9355660728224,3747.0618826246305,200.12631655180812,static,0.0,0.0,0.0,0.0,0.0,0.0,0.0,0.0
option4,2099,88462.16648560204,88677.33017579645,215.1636901944219,1688.1517344397,1933.980011593811,245.82827715411108,2017.3754838140528,1986.7109003956084,-30.664583418444337,3705.527228153038,3920.690915784816,215.16368763177832,static,0.0,0.0,0.0,0.0,0.0,0.0,0.0,0.0
option4,2100,93385.15474563268,93630.77422777143,245.6194821387344,1755.9771376918277,2032.3038192010295,276.3266815092019,2096.8328156390066,2066.1256456553147,-30.70716998369214,3852.809958056962,4098.429439407501,245.61948135053902,static,0.0,0.0,0.0,0.0,0.0,0.0,0.0,0.0
option5,2026,2670.72,2719.11,48.39,51.5,0.0,-51.5,76.26,0.0,-76.26,127.76,0.0,-127.76,static,135.39,41.67,135.39,41.67,76.26,51.5,59.13,-9.82
option5,2027,2853.98,2898.46,44.49,59.23,0.0,-59.23,82.23,0.0,-82.23,141.46,-0.0,-141.46,static,143.06,43.82,143.06,43.82,82.23,59.23,60.83,-15.41
option5,2028,3061.26,3105.44,44.18,64.22,0.0,-64.22,88.49,0.0,-88.49,152.71,-0.0,-152.71,static,151.34,46.48,151.34,46.48,88.49,64.22,62.84,-17.74
option5,2029,3301.66,3344.48,42.83,70.06,0.0,-70.06,94.76,0.0,-94.76,164.82,-0.0,-164.82,static,159.72,49.06,159.72,49.06,94.76,70.06,64.96,-21.0
option5,2030,3538.56,3579.61,41.05,76.74,0.0,-76.74,102.93,0.0,-102.93,179.67,0.0,-179.67,static,170.1,51.99,170.1,51.99,102.93,76.74,67.17,-24.75
option5,2031,3756.81,3794.9,38.09,83.18,0.0,-83.18,111.3,0.0,-111.3,194.48,0.0,-194.48,static,179.15,54.55,179.15,54.55,111.3,83.18,67.85,-28.63
option5,2032,4017.02,4051.38,34.36,90.04,0.0,-90.04,120.29,0.0,-120.29,210.33,0.0,-210.33,static,188.13,57.54,188.13,57.54,120.29,90.04,67.84,-32.5
option5,2033,4256.87,4287.72,30.85,97.27,0.0,-97.27,128.43,0.0,-128.43,225.7,0.0,-225.7,static,197.34,60.25,197.34,60.25,128.43,97.27,68.91,-37.03
option5,2034,4503.4,4528.92,25.52,104.77,0.0,-104.77,138.46,0.0,-138.46,243.23,-0.0,-243.23,static,206.72,63.13,206.72,63.13,138.46,104.77,68.26,-41.64
option5,2035,4733.31,4756.56,23.25,111.99,0.0,-111.99,145.71,0.0,-145.71,257.69,-0.0,-257.69,static,216.16,66.14,216.16,66.14,145.71,111.99,70.45,-45.84
option5,2036,4969.93,4992.03,22.1,118.69,0.0,-118.69,153.14,0.0,-153.14,271.83,0.0,-271.83,static,226.38,69.18,226.38,69.18,153.14,118.69,73.23,-49.51
option5,2037,5195.18,5217.83,22.65,125.29,0.0,-125.29,159.18,0.0,-159.18,284.47,0.0,-284.47,static,236.68,71.98,236.68,71.98,159.18,125.29,77.5,-53.31
option5,2038,5455.75,5477.72,21.97,131.94,0.0,-131.94,167.14,0.0,-167.14,299.08,0.0,-299.08,static,247.55,75.05,247.55,75.05,167.14,131.94,80.41,-56.89
option5,2039,5708.82,5730.18,21.36,138.64,0.0,-138.64,175.53,0.0,-175.53,314.17,0.0,-314.17,static,258.46,78.2,258.46,78.2,175.53,138.64,82.93,-60.44
option5,2040,5992.01,6012.74,20.73,145.32,0.0,-145.32,184.37,0.0,-184.37,329.68,0.0,-329.68,static,269.88,81.85,269.88,81.85,184.37,145.32,85.51,-63.47
option5,2041,6271.75,6294.92,23.18,152.26,0.0,-152.26,191.31,0.0,-191.31,343.57,0.0,-343.57,static,282.45,85.85,282.45,85.85,191.31,152.26,91.13,-66.4
option5,2042,6593.43,6619.94,26.51,159.2,0.0,-159.2,198.34,0.0,-198.34,357.54,0.0,-357.54,static,295.7,90.17,295.7,90.17,198.34,159.2,97.36,-69.03
option5,2043,6887.11,6914.97,27.86,166.35,0.0,-166.35,207.72,0.0,-207.72,374.07,0.0,-374.07,static,309.54,94.18,309.54,94.18,207.72,166.35,101.82,-72.17
option5,2044,7214.69,7245.92,31.23,173.65,0.0,-173.65,215.4,0.0,-215.4,389.05,0.0,-389.05,static,323.36,98.44,323.36,98.44,215.4,173.65,107.96,-75.22
option5,2045,7586.72,7619.48,32.76,181.24,0.0,-181.24,225.62,0.0,-225.62,406.86,0.0,-406.86,static,338.32,103.04,338.32,103.04,225.62,181.24,112.7,-78.2
option5,2046,7960.34,7995.16,34.82,189.23,0.0,-189.23,233.93,0.0,-233.93,423.16,0.0,-423.16,static,352.32,106.91,352.32,106.91,233.93,189.23,118.39,-82.32
option5,2047,8360.72,8398.09,37.36,197.64,0.0,-197.64,242.53,0.0,-242.53,440.16,0.0,-440.16,static,367.54,111.94,367.54,111.94,242.53,197.64,125.01,-85.7
option5,2048,8772.49,8810.65,38.16,206.49,0.0,-206.49,254.13,0.0,-254.13,460.62,0.0,-460.62,static,384.03,116.91,384.03,116.91,254.13,206.49,129.9,-89.59
option5,2049,9173.85,9215.58,41.74,215.72,0.0,-215.72,263.7,0.0,-263.7,479.42,0.0,-479.42,static,401.51,121.89,401.51,121.89,263.7,215.72,137.81,-93.83
option5,2050,9570.3,9607.08,36.78,230.01,0.0,-230.01,276.58,0.0,-276.58,506.59,0.0,-506.59,static,418.41,126.77,418.41,126.77,276.58,230.01,141.83,-103.24
option5,2051,9963.5,10002.54,39.04,240.24,0.0,-240.24,287.11,0.0,-287.11,527.35,0.0,-527.35,static,436.31,132.11,436.31,132.11,287.11,240.24,149.2,-108.13
option5,2052,10406.89,10445.14,38.25,251.06,0.0,-251.06,301.14,0.0,-301.14,552.2,0.0,-552.2,static,454.86,137.48,454.86,137.48,301.14,251.06,153.72,-113.58
option5,2053,10910.82,10951.02,40.2,262.52,0.0,-262.52,312.73,0.0,-312.73,575.25,0.0,-575.25,static,474.34,143.25,474.34,143.25,312.73,262.52,161.61,-119.26
option5,2054,11476.68,11516.92,40.25,274.5,0.0,-274.5,327.93,0.0,-327.93,602.43,0.0,-602.43,static,495.3,149.61,495.3,149.61,327.93,274.5,167.37,-124.89
option5,2055,12114.6,12154.8,40.2,287.18,0.0,-287.18,343.9,0.0,-343.9,631.08,0.0,-631.08,static,517.23,156.3,517.23,156.3,343.9,287.18,173.33,-130.88
option5,2056,12635.47,12678.86,43.38,300.56,0.0,-300.56,356.98,0.0,-356.98,657.54,0.0,-657.54,static,540.04,163.62,540.04,163.62,356.98,300.56,183.06,-136.94
option5,2057,13231.74,13276.24,44.5,314.7,0.0,-314.7,374.16,0.0,-374.16,688.86,0.0,-688.86,static,564.82,171.21,564.82,171.21,374.16,314.7,190.66,-143.5
option5,2058,13812.88,13856.68,43.8,329.64,0.0,-329.64,392.19,0.0,-392.19,721.83,0.0,-721.83,static,589.29,178.41,589.29,178.41,392.19,329.64,197.1,-151.24
option5,2059,14419.02,14461.41,42.39,345.05,0.0,-345.04,411.27,0.0,-411.27,756.31,0.0,-756.31,static,613.94,186.47,613.94,186.47,411.27,345.04,202.68,-158.58
option5,2060,14959.21,15003.93,44.72,361.13,0.0,-361.13,427.26,0.0,-427.26,788.39,0.0,-788.39,static,639.79,195.61,639.79,195.61,427.26,361.13,212.53,-165.52
option5,2061,15728.96,15775.41,46.45,377.54,0.0,-377.54,447.91,0.0,-447.91,825.45,0.0,-825.44,static,669.4,205.18,669.4,205.18,447.91,377.54,221.49,-172.36
option5,2062,16474.6,16521.73,47.13,394.78,0.0,-394.78,469.64,0.0,-469.64,864.42,0.0,-864.42,static,699.21,214.99,699.21,214.99,469.64,394.78,229.57,-179.78
option5,2063,17343.28,17394.14,50.86,412.43,0.0,-412.43,487.92,0.0,-487.92,900.35,0.0,-900.35,static,728.85,225.36,728.85,225.36,487.92,412.43,240.92,-187.07
option5,2064,18296.42,18350.07,53.65,430.56,0.0,-430.56,511.41,0.0,-511.41,941.97,0.0,-941.97,static,762.32,236.91,762.32,236.91,511.41,430.56,250.91,-193.66
option5,2065,19237.88,19298.58,60.7,449.83,0.0,-449.83,531.04,0.0,-531.04,980.87,0.0,-980.87,static,797.02,248.44,797.02,248.44,531.04,449.83,265.98,-201.39
option5,2066,20156.91,20217.38,60.46,469.55,0.0,-469.55,558.18,0.0,-558.18,1027.73,0.0,-1027.73,static,832.02,260.44,832.02,260.44,558.18,469.55,273.84,-209.11
option5,2067,21268.38,21332.09,63.7,489.58,0.0,-489.58,584.19,0.0,-584.19,1073.77,0.0,-1073.77,static,869.41,272.38,869.41,272.38,584.19,489.58,285.22,-217.2
option5,2068,22485.51,22557.86,72.35,510.96,0.0,-510.96,605.01,0.0,-605.01,1115.97,0.0,-1115.97,static,907.45,285.55,907.45,285.55,605.01,510.96,302.45,-225.41
option5,2069,23604.17,23679.39,75.22,533.23,0.0,-533.23,633.77,0.0,-633.77,1167.0,0.0,-1167.0,static,948.57,299.23,948.57,299.23,633.77,533.23,314.79,-234.0
option5,2070,24533.26,24618.15,84.89,556.5,0.0,-556.5,657.54,0.0,-657.54,1214.04,0.0,-1214.04,static,992.03,312.64,992.03,312.64,657.54,556.5,334.48,-243.86
option5,2071,25487.58,25574.27,86.69,580.64,0.0,-580.64,688.51,0.0,-688.51,1269.16,0.0,-1269.16,static,1036.43,325.19,1036.43,325.19,688.51,580.64,347.92,-255.46
option5,2072,26544.07,26630.85,86.78,605.66,0.0,-605.65,720.94,0.0,-720.94,1326.6,0.0,-1326.59,static,1080.67,337.49,1080.67,337.49,720.94,605.65,359.73,-268.16
option5,2073,27541.54,27630.94,89.4,631.9,0.0,-631.9,748.09,0.0,-748.09,1379.99,0.0,-1379.99,static,1123.21,349.43,1123.21,349.43,748.09,631.9,375.12,-282.47
option5,2074,28655.89,28740.59,84.7,659.0,0.0,-658.99,783.45,0.0,-783.45,1442.45,0.0,-1442.45,static,1168.97,361.89,1168.97,361.89,783.45,658.99,385.51,-297.1
option5,2075,29746.26,29835.68,89.42,687.37,0.0,-687.37,813.34,0.0,-813.34,1500.72,0.0,-1500.71,static,1218.02,376.81,1218.02,376.81,813.34,687.37,404.68,-310.56
option5,2076,30861.12,30950.43,89.31,716.2,0.0,-716.2,851.83,0.0,-851.83,1568.04,0.0,-1568.04,static,1270.23,391.92,1270.23,391.92,851.83,716.2,418.39,-324.28
option5,2077,32184.28,32282.05,97.77,745.71,0.0,-745.71,883.92,0.0,-883.92,1629.63,0.0,-1629.63,static,1323.44,408.2,1323.44,408.2,883.92,745.71,439.52,-337.51
option5,2078,33355.62,33463.78,108.16,776.47,0.0,-776.47,917.63,0.0,-917.63,1694.1,0.0,-1694.1,static,1379.5,427.06,1379.5,427.06,917.63,776.47,461.87,-349.41
option5,2079,34882.62,34994.86,112.23,808.06,0.0,-808.06,961.02,0.0,-961.02,1769.08,0.0,-1769.08,static,1440.1,446.79,1440.1,446.79,961.02,808.06,479.08,-361.27
option5,2080,36869.2,36999.81,130.6,840.35,0.0,-840.35,998.22,0.0,-998.22,1838.57,0.0,-1838.57,static,1507.13,468.45,1507.13,468.45,998.22,840.35,508.91,-371.9
option5,2081,39012.42,39163.04,150.61,872.35,0.0,-872.35,1037.85,0.0,-1037.85,1910.2,0.0,-1910.2,static,1577.08,490.5,1577.08,490.5,1037.85,872.35,539.23,-381.85
option5,2082,41046.12,41220.2,174.08,906.18,0.0,-906.18,1077.45,0.0,-1077.45,1983.63,0.0,-1983.63,static,1651.33,514.42,1651.33,514.42,1077.45,906.18,573.88,-391.76
option5,2083,42990.89,43191.12,200.24,940.7,0.0,-940.7,1118.72,0.0,-1118.72,2059.42,0.0,-2059.42,static,1729.48,538.92,1729.48,538.92,1118.72,940.7,610.76,-401.79
option5,2084,44949.8,45174.14,224.33,975.87,0.0,-975.87,1161.38,0.0,-1161.38,2137.25,0.0,-2137.25,static,1807.56,563.22,1807.56,563.22,1161.38,975.87,646.18,-412.65
option5,2085,46813.82,47069.7,255.89,1011.06,0.0,-1011.06,1206.58,0.0,-1206.58,2217.64,0.0,-2217.64,static,1893.99,589.33,1893.99,589.33,1206.58,1011.06,687.41,-421.74
option5,2086,48730.92,49018.5,287.58,1048.43,0.0,-1048.43,1242.5,0.0,-1242.5,2290.93,0.0,-2290.93,static,1973.7,613.37,1973.7,613.37,1242.5,1048.43,731.2,-435.06
option5,2087,51306.51,51608.65,302.15,1086.68,0.0,-1086.68,1291.35,0.0,-1291.35,2378.04,0.0,-2378.04,static,2052.37,635.62,2052.37,635.62,1291.35,1086.68,761.01,-451.06
option5,2088,53632.43,53954.07,321.64,1126.57,0.0,-1126.57,1341.92,0.0,-1341.92,2468.5,0.0,-2468.5,static,2134.09,662.55,2134.09,662.55,1341.92,1126.57,792.17,-464.03
option5,2089,55680.14,56057.32,377.18,1167.47,0.0,-1167.47,1382.08,0.0,-1382.08,2549.55,0.0,-2549.55,static,2239.49,698.1,2239.49,698.1,1382.08,1167.47,857.41,-469.38
option5,2090,58109.01,58538.45,429.44,1209.32,0.0,-1209.32,1436.9,0.0,-1436.9,2646.22,0.0,-2646.22,static,2352.69,732.8,2352.69,732.8,1436.9,1209.32,915.79,-476.51
option5,2091,60904.67,61372.12,467.45,1252.9,0.0,-1252.9,1493.89,0.0,-1493.89,2746.78,0.0,-2746.78,static,2457.26,764.99,2457.26,764.99,1493.89,1252.9,963.37,-487.91
option5,2092,63917.68,64437.59,519.9,1298.35,0.0,-1298.35,1539.32,0.0,-1539.32,2837.67,0.0,-2837.67,static,2563.67,800.12,2563.67,800.12,1539.32,1298.35,1024.35,-498.22
option5,2093,66857.49,67413.2,555.71,1345.4,0.0,-1345.4,1600.52,0.0,-1600.52,2945.92,0.0,-2945.92,static,2673.46,835.44,2673.46,835.44,1600.52,1345.4,1072.94,-509.96
option5,2094,69792.56,70382.0,589.44,1395.11,0.0,-1395.11,1663.49,0.0,-1663.49,3058.6,0.0,-3058.6,static,2785.06,869.44,2785.06,869.44,1663.49,1395.11,1121.57,-525.67
option5,2095,72593.86,73220.88,627.02,1448.02,0.0,-1448.02,1729.39,0.0,-1729.39,3177.41,0.0,-3177.41,static,2904.59,908.18,2904.59,908.18,1729.39,1448.02,1175.2,-539.84
option5,2096,75835.3,76502.89,667.6,1503.94,0.0,-1503.94,1797.32,0.0,-1797.32,3301.26,0.0,-3301.26,static,3029.55,947.54,3029.55,947.54,1797.32,1503.94,1232.24,-556.4
option5,2097,79188.16,79916.37,728.21,1562.33,0.0,-1562.33,1850.92,0.0,-1850.92,3413.25,0.0,-3413.25,static,3160.99,990.97,3160.99,990.97,1850.92,1562.33,1310.07,-571.36
option5,2098,83126.35,83916.45,790.09,1623.38,0.0,-1623.38,1923.56,0.0,-1923.56,3546.94,0.0,-3546.94,static,3307.76,1041.38,3307.76,1041.38,1923.56,1623.38,1384.2,-582.0
option5,2099,88462.17,89289.51,827.35,1688.15,0.0,-1688.15,2017.38,0.0,-2017.38,3705.53,0.0,-3705.53,static,3457.57,1088.04,3457.57,1088.04,2017.38,1688.15,1440.19,-600.11
option5,2100,93385.15,94250.8,865.64,1755.98,0.0,-1755.98,2096.83,0.0,-2096.83,3852.81,0.0,-3852.81,static,3597.82,1129.94,3597.82,1129.94,2096.83,1755.98,1500.98,-626.04
option6,2026,2670.72,2693.62,22.9,51.5,51.55,0.05,76.26,76.4,0.15,127.76,127.95,0.2,static,17.57,5.34,22.91,0.0,-0.15,-0.05,23.06,0.05
option6,2027,2853.98,2902.32,48.34,59.23,59.31,0.08,82.23,82.54,0.31,141.46,141.85,0.4,static,37.09,11.29,48.39,0.0,-0.31,-0.08,48.7,0.08
option6,2028,3061.26,3138.6,77.34,64.22,64.53,0.31,88.49,88.93,0.44,152.71,153.46,0.75,static,59.39,18.17,77.56,0.0,-0.44,-0.31,78.0,0.31
option6,2029,3301.66,3401.34,99.68,70.06,61.01,-9.06,94.76,95.85,1.09,164.82,156.86,-7.97,static,83.55,25.53,109.08,0.0,-1.09,9.06,110.17,-9.06
option6,2030,3538.56,3661.25,122.69,76.74,55.37,-21.38,102.93,103.75,0.82,179.67,159.12,-20.56,static,111.1,33.99,145.09,0.0,-0.82,21.38,145.91,-21.38
option6,2031,3756.81,3903.95,147.14,83.18,47.5,-35.69,111.3,112.22,0.92,194.48,159.72,-34.77,static,141.28,42.89,184.17,0.0,-0.92,35.69,185.09,-35.69
option6,2032,4017.02,4189.39,172.37,90.04,38.15,-51.89,120.29,120.95,0.66,210.33,159.1,-51.23,static,173.19,52.84,200.2,25.82,-0.66,51.89,200.86,-26.06
option6,2033,4256.87,4443.68,186.81,97.27,27.19,-70.09,128.43,128.77,0.34,225.7,155.96,-69.74,static,198.76,60.62,198.76,60.62,-0.34,70.09,199.11,-9.47
option6,2034,4503.4,4681.3,177.9,104.77,14.38,-90.39,138.46,138.01,-0.45,243.23,152.39,-90.84,static,208.14,63.5,208.14,63.5,0.45,90.39,207.69,-26.89
option6,2035,4733.31,4901.23,167.92,111.99,0.0,-111.99,145.71,144.67,-1.04,257.69,144.67,-113.02,static,217.5,66.44,217.5,66.44,1.04,111.99,216.46,-45.55
option6,2036,4969.93,5127.47,157.54,118.69,0.0,-118.69,153.14,135.44,-17.71,271.83,135.44,-136.4,static,227.38,69.37,227.38,69.37,17.71,118.69,209.67,-49.32
option6,2037,5195.18,5341.89,146.72,125.29,0.0,-125.29,159.18,124.07,-35.11,284.47,124.07,-160.4,static,237.55,72.17,237.55,72.17,35.11,125.29,202.44,-53.12
option6,2038,5455.75,5590.03,134.28,131.94,0.0,-131.94,167.14,112.31,-54.83,299.08,112.31,-186.77,static,248.39,75.25,248.39,75.25,54.83,131.94,193.56,-56.69
option6,2039,5708.82,5830.54,121.72,138.64,0.0,-138.64,175.53,100.36,-75.17,314.17,100.36,-213.81,static,259.37,78.46,259.37,78.46,75.17,138.64,184.2,-60.18
option6,2040,5992.01,6099.82,107.81,145.32,0.0,-145.32,184.37,87.07,-97.29,329.68,87.07,-242.61,static,270.78,82.09,270.78,82.09,97.29,145.32,173.49,-63.23
option6,2041,6271.75,6366.5,94.75,152.26,0.0,-152.26,191.31,71.57,-119.74,343.57,71.57,-272.0,static,283.01,85.97,283.01,85.97,119.74,152.26,163.27,-66.28
option6,2042,6593.43,6674.99,81.55,159.2,0.0,-159.2,198.34,55.05,-143.29,357.54,55.05,-302.49,static,295.99,90.25,295.99,90.25,143.29,159.2,152.69,-68.95
option6,2043,6887.11,6952.91,65.8,166.35,0.0,-166.35,207.72,37.93,-169.78,374.07,37.93,-336.13,static,309.58,94.2,309.58,94.2,169.78,166.35,139.8,-72.15
option6,2044,7214.69,7265.54,50.85,173.65,0.0,-173.65,215.4,19.62,-195.78,389.05,19.62,-369.43,static,323.39,98.48,323.39,98.48,195.78,173.65,127.61,-75.18
option6,2045,7586.72,7619.48,32.76,181.24,0.0,-181.24,225.62,0.0,-225.62,406.86,0.0,-406.86,static,338.32,103.04,338.32,103.04,225.62,181.24,112.7,-78.2
option6,2046,7960.34,7995.16,34.82,189.23,0.0,-189.23,233.93,0.0,-233.93,423.16,0.0,-423.16,static,352.32,106.91,352.32,106.91,233.93,189.23,118.39,-82.32
option6,2047,8360.72,8398.09,37.36,197.64,0.0,-197.64,242.53,0.0,-242.53,440.16,0.0,-440.16,static,367.54,111.94,367.54,111.94,242.53,197.64,125.01,-85.7
option6,2048,8772.49,8810.65,38.16,206.49,0.0,-206.49,254.13,0.0,-254.13,460.62,0.0,-460.62,static,384.03,116.91,384.03,116.91,254.13,206.49,129.9,-89.59
option6,2049,9173.85,9215.58,41.74,215.72,0.0,-215.72,263.7,0.0,-263.7,479.42,0.0,-479.42,static,401.51,121.89,401.51,121.89,263.7,215.72,137.81,-93.83
option6,2050,9570.3,9607.08,36.78,230.01,0.0,-230.01,276.58,0.0,-276.58,506.59,0.0,-506.59,static,418.41,126.77,418.41,126.77,276.58,230.01,141.83,-103.24
option6,2051,9963.5,10002.54,39.04,240.24,0.0,-240.24,287.11,0.0,-287.11,527.35,0.0,-527.35,static,436.31,132.11,436.31,132.11,287.11,240.24,149.2,-108.13
option6,2052,10406.89,10445.14,38.25,251.06,0.0,-251.06,301.14,0.0,-301.14,552.2,0.0,-552.2,static,454.86,137.48,454.86,137.48,301.14,251.06,153.72,-113.58
option6,2053,10910.82,10951.02,40.2,262.52,0.0,-262.52,312.73,0.0,-312.73,575.25,0.0,-575.25,static,474.34,143.25,474.34,143.25,312.73,262.52,161.61,-119.26
option6,2054,11476.68,11516.92,40.25,274.5,0.0,-274.5,327.93,0.0,-327.93,602.43,0.0,-602.43,static,495.3,149.61,495.3,149.61,327.93,274.5,167.37,-124.89
option6,2055,12114.6,12154.8,40.2,287.18,0.0,-287.18,343.9,0.0,-343.9,631.08,0.0,-631.08,static,517.23,156.3,517.23,156.3,343.9,287.18,173.33,-130.88
option6,2056,12635.47,12678.86,43.38,300.56,0.0,-300.56,356.98,0.0,-356.98,657.54,0.0,-657.54,static,540.04,163.62,540.04,163.62,356.98,300.56,183.06,-136.94
option6,2057,13231.74,13276.24,44.5,314.7,0.0,-314.7,374.16,0.0,-374.16,688.86,0.0,-688.86,static,564.82,171.21,564.82,171.21,374.16,314.7,190.66,-143.5
option6,2058,13812.88,13856.68,43.8,329.64,0.0,-329.64,392.19,0.0,-392.19,721.83,0.0,-721.83,static,589.29,178.41,589.29,178.41,392.19,329.64,197.1,-151.24
option6,2059,14419.02,14461.41,42.39,345.05,0.0,-345.04,411.27,0.0,-411.27,756.31,0.0,-756.31,static,613.94,186.47,613.94,186.47,411.27,345.04,202.68,-158.58
option6,2060,14959.21,15003.93,44.72,361.13,0.0,-361.13,427.26,0.0,-427.26,788.39,0.0,-788.39,static,639.79,195.61,639.79,195.61,427.26,361.13,212.53,-165.52
option6,2061,15728.96,15775.41,46.45,377.54,0.0,-377.54,447.91,0.0,-447.91,825.45,0.0,-825.44,static,669.4,205.18,669.4,205.18,447.91,377.54,221.49,-172.36
option6,2062,16474.6,16521.73,47.13,394.78,0.0,-394.78,469.64,0.0,-469.64,864.42,0.0,-864.42,static,699.21,214.99,699.21,214.99,469.64,394.78,229.57,-179.78
option6,2063,17343.28,17394.14,50.86,412.43,0.0,-412.43,487.92,0.0,-487.92,900.35,0.0,-900.35,static,728.85,225.36,728.85,225.36,487.92,412.43,240.92,-187.07
option6,2064,18296.42,18350.07,53.65,430.56,0.0,-430.56,511.41,0.0,-511.41,941.97,0.0,-941.97,static,762.32,236.91,762.32,236.91,511.41,430.56,250.91,-193.66
option6,2065,19237.88,19298.58,60.7,449.83,0.0,-449.83,531.04,0.0,-531.04,980.87,0.0,-980.87,static,797.02,248.44,797.02,248.44,531.04,449.83,265.98,-201.39
option6,2066,20156.91,20217.38,60.46,469.55,0.0,-469.55,558.18,0.0,-558.18,1027.73,0.0,-1027.73,static,832.02,260.44,832.02,260.44,558.18,469.55,273.84,-209.11
option6,2067,21268.38,21332.09,63.7,489.58,0.0,-489.58,584.19,0.0,-584.19,1073.77,0.0,-1073.77,static,869.41,272.38,869.41,272.38,584.19,489.58,285.22,-217.2
option6,2068,22485.51,22557.86,72.35,510.96,0.0,-510.96,605.01,0.0,-605.01,1115.97,0.0,-1115.97,static,907.45,285.55,907.45,285.55,605.01,510.96,302.45,-225.41
option6,2069,23604.17,23679.39,75.22,533.23,0.0,-533.23,633.77,0.0,-633.77,1167.0,0.0,-1167.0,static,948.57,299.23,948.57,299.23,633.77,533.23,314.79,-234.0
option6,2070,24533.26,24618.15,84.89,556.5,0.0,-556.5,657.54,0.0,-657.54,1214.04,0.0,-1214.04,static,992.03,312.64,992.03,312.64,657.54,556.5,334.48,-243.86
option6,2071,25487.58,25574.27,86.69,580.64,0.0,-580.64,688.51,0.0,-688.51,1269.16,0.0,-1269.16,static,1036.43,325.19,1036.43,325.19,688.51,580.64,347.92,-255.46
option6,2072,26544.07,26630.85,86.78,605.66,0.0,-605.65,720.94,0.0,-720.94,1326.6,0.0,-1326.59,static,1080.67,337.49,1080.67,337.49,720.94,605.65,359.73,-268.16
option6,2073,27541.54,27630.94,89.4,631.9,0.0,-631.9,748.09,0.0,-748.09,1379.99,0.0,-1379.99,static,1123.21,349.43,1123.21,349.43,748.09,631.9,375.12,-282.47
option6,2074,28655.89,28740.59,84.7,659.0,0.0,-658.99,783.45,0.0,-783.45,1442.45,0.0,-1442.45,static,1168.97,361.89,1168.97,361.89,783.45,658.99,385.51,-297.1
option6,2075,29746.26,29835.68,89.42,687.37,0.0,-687.37,813.34,0.0,-813.34,1500.72,0.0,-1500.71,static,1218.02,376.81,1218.02,376.81,813.34,687.37,404.68,-310.56
option6,2076,30861.12,30950.43,89.31,716.2,0.0,-716.2,851.83,0.0,-851.83,1568.04,0.0,-1568.04,static,1270.23,391.92,1270.23,391.92,851.83,716.2,418.39,-324.28
option6,2077,32184.28,32282.05,97.77,745.71,0.0,-745.71,883.92,0.0,-883.92,1629.63,0.0,-1629.63,static,1323.44,408.2,1323.44,408.2,883.92,745.71,439.52,-337.51
option6,2078,33355.62,33463.78,108.16,776.47,0.0,-776.47,917.63,0.0,-917.63,1694.1,0.0,-1694.1,static,1379.5,427.06,1379.5,427.06,917.63,776.47,461.87,-349.41
option6,2079,34882.62,34994.86,112.23,808.06,0.0,-808.06,961.02,0.0,-961.02,1769.08,0.0,-1769.08,static,1440.1,446.79,1440.1,446.79,961.02,808.06,479.08,-361.27
option6,2080,36869.2,36999.81,130.6,840.35,0.0,-840.35,998.22,0.0,-998.22,1838.57,0.0,-1838.57,static,1507.13,468.45,1507.13,468.45,998.22,840.35,508.91,-371.9
option6,2081,39012.42,39163.04,150.61,872.35,0.0,-872.35,1037.85,0.0,-1037.85,1910.2,0.0,-1910.2,static,1577.08,490.5,1577.08,490.5,1037.85,872.35,539.23,-381.85
option6,2082,41046.12,41220.2,174.08,906.18,0.0,-906.18,1077.45,0.0,-1077.45,1983.63,0.0,-1983.63,static,1651.33,514.42,1651.33,514.42,1077.45,906.18,573.88,-391.76
option6,2083,42990.89,43191.12,200.24,940.7,0.0,-940.7,1118.72,0.0,-1118.72,2059.42,0.0,-2059.42,static,1729.48,538.92,1729.48,538.92,1118.72,940.7,610.76,-401.79
option6,2084,44949.8,45174.14,224.33,975.87,0.0,-975.87,1161.38,0.0,-1161.38,2137.25,0.0,-2137.25,static,1807.56,563.22,1807.56,563.22,1161.38,975.87,646.18,-412.65
option6,2085,46813.82,47069.7,255.89,1011.06,0.0,-1011.06,1206.58,0.0,-1206.58,2217.64,0.0,-2217.64,static,1893.99,589.33,1893.99,589.33,1206.58,1011.06,687.41,-421.74
option6,2086,48730.92,49018.5,287.58,1048.43,0.0,-1048.43,1242.5,0.0,-1242.5,2290.93,0.0,-2290.93,static,1973.7,613.37,1973.7,613.37,1242.5,1048.43,731.2,-435.06
option6,2087,51306.51,51608.65,302.15,1086.68,0.0,-1086.68,1291.35,0.0,-1291.35,2378.04,0.0,-2378.04,static,2052.37,635.62,2052.37,635.62,1291.35,1086.68,761.01,-451.06
option6,2088,53632.43,53954.07,321.64,1126.57,0.0,-1126.57,1341.92,0.0,-1341.92,2468.5,0.0,-2468.5,static,2134.09,662.55,2134.09,662.55,1341.92,1126.57,792.17,-464.03
option6,2089,55680.14,56057.32,377.18,1167.47,0.0,-1167.47,1382.08,0.0,-1382.08,2549.55,0.0,-2549.55,static,2239.49,698.1,2239.49,698.1,1382.08,1167.47,857.41,-469.38
option6,2090,58109.01,58538.45,429.44,1209.32,0.0,-1209.32,1436.9,0.0,-1436.9,2646.22,0.0,-2646.22,static,2352.69,732.8,2352.69,732.8,1436.9,1209.32,915.79,-476.51
option6,2091,60904.67,61372.12,467.45,1252.9,0.0,-1252.9,1493.89,0.0,-1493.89,2746.78,0.0,-2746.78,static,2457.26,764.99,2457.26,764.99,1493.89,1252.9,963.37,-487.91
option6,2092,63917.68,64437.59,519.9,1298.35,0.0,-1298.35,1539.32,0.0,-1539.32,2837.67,0.0,-2837.67,static,2563.67,800.12,2563.67,800.12,1539.32,1298.35,1024.35,-498.22
option6,2093,66857.49,67413.2,555.71,1345.4,0.0,-1345.4,1600.52,0.0,-1600.52,2945.92,0.0,-2945.92,static,2673.46,835.44,2673.46,835.44,1600.52,1345.4,1072.94,-509.96
option6,2094,69792.56,70382.0,589.44,1395.11,0.0,-1395.11,1663.49,0.0,-1663.49,3058.6,0.0,-3058.6,static,2785.06,869.44,2785.06,869.44,1663.49,1395.11,1121.57,-525.67
option6,2095,72593.86,73220.88,627.02,1448.02,0.0,-1448.02,1729.39,0.0,-1729.39,3177.41,0.0,-3177.41,static,2904.59,908.18,2904.59,908.18,1729.39,1448.02,1175.2,-539.84
option6,2096,75835.3,76502.89,667.6,1503.94,0.0,-1503.94,1797.32,0.0,-1797.32,3301.26,0.0,-3301.26,static,3029.55,947.54,3029.55,947.54,1797.32,1503.94,1232.24,-556.4
option6,2097,79188.16,79916.37,728.21,1562.33,0.0,-1562.33,1850.92,0.0,-1850.92,3413.25,0.0,-3413.25,static,3160.99,990.97,3160.99,990.97,1850.92,1562.33,1310.07,-571.36
option6,2098,83126.35,83916.45,790.09,1623.38,0.0,-1623.38,1923.56,0.0,-1923.56,3546.94,0.0,-3546.94,static,3307.76,1041.38,3307.76,1041.38,1923.56,1623.38,1384.2,-582.0
option6,2099,88462.17,89289.51,827.35,1688.15,0.0,-1688.15,2017.38,0.0,-2017.38,3705.53,0.0,-3705.53,static,3457.57,1088.04,3457.57,1088.04,2017.38,1688.15,1440.19,-600.11
option6,2100,93385.15,94250.8,865.64,1755.98,0.0,-1755.98,2096.83,0.0,-2096.83,3852.81,0.0,-3852.81,static,3597.82,1129.94,3597.82,1129.94,2096.83,1755.98,1500.98,-626.04
option7,2026,2670.72,2697.47,26.75,51.5,51.77,0.28,76.26,78.27,2.01,127.76,130.05,2.29,static,0.0,0.0,0.0,0.0,0.0,0.0,0.0,0.0
option7,2027,2853.98,2881.17,27.19,59.23,59.73,0.5,82.23,84.11,1.88,141.46,143.85,2.39,static,0.0,0.0,0.0,0.0,0.0,0.0,0.0,0.0
option7,2028,3061.26,3089.17,27.91,64.22,64.97,0.76,88.49,90.4,1.91,152.71,155.38,2.66,static,0.0,0.0,0.0,0.0,0.0,0.0,0.0,0.0
option7,2029,3301.66,3301.66,0.0,70.06,70.06,0.0,94.76,94.76,0.0,164.82,164.82,0.0,static,0.0,0.0,0.0,0.0,0.0,0.0,0.0,0.0
option7,2030,3538.56,3538.56,0.0,76.74,76.74,0.0,102.93,102.93,0.0,179.67,179.67,0.0,static,0.0,0.0,0.0,0.0,0.0,0.0,0.0,0.0
option7,2031,3756.81,3756.81,0.0,83.18,83.18,0.0,111.3,111.3,0.0,194.48,194.48,0.0,static,0.0,0.0,0.0,0.0,0.0,0.0,0.0,0.0
option7,2032,4017.02,4017.02,0.0,90.04,90.04,0.0,120.29,120.29,0.0,210.33,210.33,0.0,static,0.0,0.0,0.0,0.0,0.0,0.0,0.0,0.0
option7,2033,4256.87,4256.87,0.0,97.27,97.27,0.0,128.43,128.43,0.0,225.7,225.7,0.0,static,0.0,0.0,0.0,0.0,0.0,0.0,0.0,0.0
option7,2034,4503.4,4503.4,0.0,104.77,104.77,0.0,138.46,138.46,0.0,243.23,243.23,0.0,static,0.0,0.0,0.0,0.0,0.0,0.0,0.0,0.0
option7,2035,4733.31,4733.31,0.0,111.99,111.99,0.0,145.71,145.71,0.0,257.69,257.69,0.0,static,0.0,0.0,0.0,0.0,0.0,0.0,0.0,0.0
option7,2036,4969.93,4969.93,0.0,118.69,118.69,0.0,153.14,153.14,0.0,271.83,271.83,0.0,static,0.0,0.0,0.0,0.0,0.0,0.0,0.0,0.0
option7,2037,5195.18,5195.18,0.0,125.29,125.29,0.0,159.18,159.18,0.0,284.47,284.47,0.0,static,0.0,0.0,0.0,0.0,0.0,0.0,0.0,0.0
option7,2038,5455.75,5455.75,0.0,131.94,131.94,0.0,167.14,167.14,0.0,299.08,299.08,0.0,static,0.0,0.0,0.0,0.0,0.0,0.0,0.0,0.0
option7,2039,5708.82,5708.82,0.0,138.64,138.64,0.0,175.53,175.53,0.0,314.17,314.17,0.0,static,0.0,0.0,0.0,0.0,0.0,0.0,0.0,0.0
option7,2040,5992.01,5992.01,0.0,145.32,145.32,0.0,184.37,184.37,0.0,329.68,329.68,0.0,static,0.0,0.0,0.0,0.0,0.0,0.0,0.0,0.0
option7,2041,6271.75,6271.75,0.0,152.26,152.26,0.0,191.31,191.31,0.0,343.57,343.57,0.0,static,0.0,0.0,0.0,0.0,0.0,0.0,0.0,0.0
option7,2042,6593.43,6593.43,0.0,159.2,159.2,0.0,198.34,198.34,0.0,357.54,357.54,0.0,static,0.0,0.0,0.0,0.0,0.0,0.0,0.0,0.0
option7,2043,6887.11,6887.11,0.0,166.35,166.35,0.0,207.72,207.72,0.0,374.07,374.07,0.0,static,0.0,0.0,0.0,0.0,0.0,0.0,0.0,0.0
option7,2044,7214.69,7214.69,0.0,173.65,173.65,0.0,215.4,215.4,0.0,389.05,389.05,0.0,static,0.0,0.0,0.0,0.0,0.0,0.0,0.0,0.0
option7,2045,7586.72,7586.72,0.0,181.24,181.24,0.0,225.62,225.62,0.0,406.86,406.86,0.0,static,0.0,0.0,0.0,0.0,0.0,0.0,0.0,0.0
option7,2046,7960.34,7960.34,0.0,189.23,189.23,0.0,233.93,233.93,0.0,423.16,423.16,0.0,static,0.0,0.0,0.0,0.0,0.0,0.0,0.0,0.0
option7,2047,8360.72,8360.72,0.0,197.64,197.64,0.0,242.53,242.53,0.0,440.16,440.16,0.0,static,0.0,0.0,0.0,0.0,0.0,0.0,0.0,0.0
option7,2048,8772.49,8772.49,0.0,206.49,206.49,0.0,254.13,254.13,0.0,460.62,460.62,0.0,static,0.0,0.0,0.0,0.0,0.0,0.0,0.0,0.0
option7,2049,9173.85,9173.85,0.0,215.72,215.72,0.0,263.7,263.7,0.0,479.42,479.42,0.0,static,0.0,0.0,0.0,0.0,0.0,0.0,0.0,0.0
option7,2050,9570.3,9570.3,0.0,230.01,230.01,0.0,276.58,276.58,0.0,506.59,506.59,0.0,static,0.0,0.0,0.0,0.0,0.0,0.0,0.0,0.0
option7,2051,9963.5,9963.5,0.0,240.24,240.24,0.0,287.11,287.11,0.0,527.35,527.35,0.0,static,0.0,0.0,0.0,0.0,0.0,0.0,0.0,0.0
option7,2052,10406.89,10406.89,0.0,251.06,251.06,0.0,301.14,301.14,0.0,552.2,552.2,0.0,static,0.0,0.0,0.0,0.0,0.0,0.0,0.0,0.0
option7,2053,10910.82,10910.82,0.0,262.52,262.52,0.0,312.73,312.73,0.0,575.25,575.25,0.0,static,0.0,0.0,0.0,0.0,0.0,0.0,0.0,0.0
option7,2054,11476.68,11476.68,0.0,274.5,274.5,0.0,327.93,327.93,0.0,602.43,602.43,0.0,static,0.0,0.0,0.0,0.0,0.0,0.0,0.0,0.0
option7,2055,12114.6,12114.6,0.0,287.18,287.18,0.0,343.9,343.9,0.0,631.08,631.08,0.0,static,0.0,0.0,0.0,0.0,0.0,0.0,0.0,0.0
option7,2056,12635.47,12635.47,0.0,300.56,300.56,0.0,356.98,356.98,0.0,657.54,657.54,0.0,static,0.0,0.0,0.0,0.0,0.0,0.0,0.0,0.0
option7,2057,13231.74,13231.74,0.0,314.7,314.7,0.0,374.16,374.16,0.0,688.86,688.86,0.0,static,0.0,0.0,0.0,0.0,0.0,0.0,0.0,0.0
option7,2058,13812.88,13812.88,0.0,329.64,329.64,0.0,392.19,392.19,0.0,721.83,721.83,0.0,static,0.0,0.0,0.0,0.0,0.0,0.0,0.0,0.0
option7,2059,14419.02,14419.02,0.0,345.05,345.05,0.0,411.27,411.27,0.0,756.31,756.31,0.0,static,0.0,0.0,0.0,0.0,0.0,0.0,0.0,0.0
option7,2060,14959.21,14959.21,0.0,361.13,361.13,0.0,427.26,427.26,0.0,788.39,788.39,0.0,static,0.0,0.0,0.0,0.0,0.0,0.0,0.0,0.0
option7,2061,15728.96,15728.96,0.0,377.54,377.54,0.0,447.91,447.91,0.0,825.45,825.45,0.0,static,0.0,0.0,0.0,0.0,0.0,0.0,0.0,0.0
option7,2062,16474.6,16474.6,0.0,394.78,394.78,0.0,469.64,469.64,0.0,864.42,864.42,0.0,static,0.0,0.0,0.0,0.0,0.0,0.0,0.0,0.0
option7,2063,17343.28,17343.28,0.0,412.43,412.43,0.0,487.92,487.92,0.0,900.35,900.35,0.0,static,0.0,0.0,0.0,0.0,0.0,0.0,0.0,0.0
option7,2064,18296.42,18296.42,0.0,430.56,430.56,0.0,511.41,511.41,0.0,941.97,941.97,0.0,static,0.0,0.0,0.0,0.0,0.0,0.0,0.0,0.0
option7,2065,19237.88,19237.88,0.0,449.83,449.83,0.0,531.04,531.04,0.0,980.87,980.87,0.0,static,0.0,0.0,0.0,0.0,0.0,0.0,0.0,0.0
option7,2066,20156.91,20156.91,0.0,469.55,469.55,0.0,558.18,558.18,0.0,1027.73,1027.73,0.0,static,0.0,0.0,0.0,0.0,0.0,0.0,0.0,0.0
option7,2067,21268.38,21268.38,0.0,489.58,489.58,0.0,584.19,584.19,0.0,1073.77,1073.77,0.0,static,0.0,0.0,0.0,0.0,0.0,0.0,0.0,0.0
option7,2068,22485.51,22485.51,0.0,510.96,510.96,0.0,605.01,605.01,0.0,1115.97,1115.97,0.0,static,0.0,0.0,0.0,0.0,0.0,0.0,0.0,0.0
option7,2069,23604.17,23604.17,0.0,533.23,533.23,0.0,633.77,633.77,0.0,1167.0,1167.0,0.0,static,0.0,0.0,0.0,0.0,0.0,0.0,0.0,0.0
option7,2070,24533.26,24533.26,0.0,556.5,556.5,0.0,657.54,657.54,0.0,1214.04,1214.04,0.0,static,0.0,0.0,0.0,0.0,0.0,0.0,0.0,0.0
option7,2071,25487.58,25487.58,0.0,580.64,580.64,0.0,688.51,688.51,0.0,1269.16,1269.16,0.0,static,0.0,0.0,0.0,0.0,0.0,0.0,0.0,0.0
option7,2072,26544.07,26544.07,0.0,605.66,605.66,0.0,720.94,720.94,0.0,1326.6,1326.6,0.0,static,0.0,0.0,0.0,0.0,0.0,0.0,0.0,0.0
option7,2073,27541.54,27541.54,0.0,631.9,631.9,0.0,748.09,748.09,0.0,1379.99,1379.99,0.0,static,0.0,0.0,0.0,0.0,0.0,0.0,0.0,0.0
option7,2074,28655.89,28655.89,0.0,659.0,659.0,0.0,783.45,783.45,0.0,1442.45,1442.45,0.0,static,0.0,0.0,0.0,0.0,0.0,0.0,0.0,0.0
option7,2075,29746.26,29746.26,0.0,687.37,687.37,0.0,813.34,813.34,0.0,1500.72,1500.72,0.0,static,0.0,0.0,0.0,0.0,0.0,0.0,0.0,0.0
option7,2076,30861.12,30861.12,0.0,716.2,716.2,0.0,851.83,851.83,0.0,1568.04,1568.04,0.0,static,0.0,0.0,0.0,0.0,0.0,0.0,0.0,0.0
option7,2077,32184.28,32184.28,0.0,745.71,745.71,0.0,883.92,883.92,0.0,1629.63,1629.63,0.0,static,0.0,0.0,0.0,0.0,0.0,0.0,0.0,0.0
option7,2078,33355.62,33355.62,0.0,776.47,776.47,0.0,917.63,917.63,0.0,1694.1,1694.1,0.0,static,0.0,0.0,0.0,0.0,0.0,0.0,0.0,0.0
option7,2079,34882.62,34882.62,0.0,808.06,808.06,0.0,961.02,961.02,0.0,1769.08,1769.08,0.0,static,0.0,0.0,0.0,0.0,0.0,0.0,0.0,0.0
option7,2080,36869.2,36869.2,0.0,840.35,840.35,0.0,998.22,998.22,0.0,1838.57,1838.57,0.0,static,0.0,0.0,0.0,0.0,0.0,0.0,0.0,0.0
option7,2081,39012.42,39012.42,0.0,872.35,872.35,0.0,1037.85,1037.85,0.0,1910.2,1910.2,0.0,static,0.0,0.0,0.0,0.0,0.0,0.0,0.0,0.0
option7,2082,41046.12,41046.12,0.0,906.18,906.18,0.0,1077.45,1077.45,0.0,1983.63,1983.63,0.0,static,0.0,0.0,0.0,0.0,0.0,0.0,0.0,0.0
option7,2083,42990.89,42990.89,0.0,940.7,940.7,0.0,1118.72,1118.72,0.0,2059.42,2059.42,0.0,static,0.0,0.0,0.0,0.0,0.0,0.0,0.0,0.0
option7,2084,44949.8,44949.8,0.0,975.87,975.87,0.0,1161.38,1161.38,0.0,2137.25,2137.25,0.0,static,0.0,0.0,0.0,0.0,0.0,0.0,0.0,0.0
option7,2085,46813.82,46813.82,0.0,1011.06,1011.06,0.0,1206.58,1206.58,0.0,2217.64,2217.64,0.0,static,0.0,0.0,0.0,0.0,0.0,0.0,0.0,0.0
option7,2086,48730.92,48730.92,0.0,1048.43,1048.43,0.0,1242.5,1242.5,0.0,2290.93,2290.93,0.0,static,0.0,0.0,0.0,0.0,0.0,0.0,0.0,0.0
option7,2087,51306.51,51306.51,0.0,1086.68,1086.68,0.0,1291.35,1291.35,0.0,2378.04,2378.04,0.0,static,0.0,0.0,0.0,0.0,0.0,0.0,0.0,0.0
option7,2088,53632.43,53632.43,0.0,1126.57,1126.57,0.0,1341.92,1341.92,0.0,2468.5,2468.5,0.0,static,0.0,0.0,0.0,0.0,0.0,0.0,0.0,0.0
option7,2089,55680.14,55680.14,0.0,1167.47,1167.47,0.0,1382.08,1382.08,0.0,2549.55,2549.55,0.0,static,0.0,0.0,0.0,0.0,0.0,0.0,0.0,0.0
option7,2090,58109.01,58109.01,0.0,1209.32,1209.32,0.0,1436.9,1436.9,0.0,2646.22,2646.22,0.0,static,0.0,0.0,0.0,0.0,0.0,0.0,0.0,0.0
option7,2091,60904.67,60904.67,0.0,1252.9,1252.9,0.0,1493.89,1493.89,0.0,2746.78,2746.78,0.0,static,0.0,0.0,0.0,0.0,0.0,0.0,0.0,0.0
option7,2092,63917.68,63917.68,0.0,1298.35,1298.35,0.0,1539.32,1539.32,0.0,2837.67,2837.67,0.0,static,0.0,0.0,0.0,0.0,0.0,0.0,0.0,0.0
option7,2093,66857.49,66857.49,0.0,1345.4,1345.4,0.0,1600.52,1600.52,0.0,2945.92,2945.92,0.0,static,0.0,0.0,0.0,0.0,0.0,0.0,0.0,0.0
option7,2094,69792.56,69792.56,0.0,1395.11,1395.11,0.0,1663.49,1663.49,0.0,3058.6,3058.6,0.0,static,0.0,0.0,0.0,0.0,0.0,0.0,0.0,0.0
option7,2095,72593.86,72593.86,0.0,1448.02,1448.02,0.0,1729.39,1729.39,0.0,3177.41,3177.41,0.0,static,0.0,0.0,0.0,0.0,0.0,0.0,0.0,0.0
option7,2096,75835.3,75835.3,0.0,1503.94,1503.94,0.0,1797.32,1797.32,0.0,3301.26,3301.26,0.0,static,0.0,0.0,0.0,0.0,0.0,0.0,0.0,0.0
option7,2097,79188.16,79188.16,0.0,1562.33,1562.33,0.0,1850.92,1850.92,0.0,3413.25,3413.25,0.0,static,0.0,0.0,0.0,0.0,0.0,0.0,0.0,0.0
option7,2098,83126.35,83126.35,0.0,1623.38,1623.38,0.0,1923.56,1923.56,0.0,3546.94,3546.94,0.0,static,0.0,0.0,0.0,0.0,0.0,0.0,0.0,0.0
option7,2099,88462.17,88462.17,0.0,1688.15,1688.15,0.0,2017.38,2017.38,0.0,3705.53,3705.53,0.0,static,0.0,0.0,0.0,0.0,0.0,0.0,0.0,0.0
option7,2100,93385.15,93385.15,0.0,1755.98,1755.98,0.0,2096.83,2096.83,0.0,3852.81,3852.81,0.0,static,0.0,0.0,0.0,0.0,0.0,0.0,0.0,0.0
option8,2026,2670.72,2732.92,62.21,51.5,108.53,57.04,76.26,81.43,5.17,127.76,189.96,62.21,static,0.0,0.0,0.0,0.0,0.0,0.0,0.0,0.0
option8,2027,2853.98,2917.94,63.97,59.23,118.11,58.88,82.23,87.32,5.09,141.46,205.43,63.97,static,0.0,0.0,0.0,0.0,0.0,0.0,0.0,0.0
option8,2028,3061.26,3129.75,68.48,64.22,127.36,63.14,88.49,93.84,5.35,152.71,221.2,68.48,static,0.0,0.0,0.0,0.0,0.0,0.0,0.0,0.0
option8,2029,3301.66,3386.22,84.56,70.06,144.17,74.1,94.76,105.22,10.46,164.82,249.39,84.56,static,0.0,0.0,0.0,0.0,0.0,0.0,0.0,0.0
option8,2030,3538.56,3628.17,89.61,76.74,155.46,78.72,102.93,113.82,10.89,179.67,269.28,89.61,static,0.0,0.0,0.0,0.0,0.0,0.0,0.0,0.0
option8,2031,3756.81,3850.82,94.01,83.18,166.11,82.93,111.3,122.38,11.08,194.48,288.5,94.01,static,0.0,0.0,0.0,0.0,0.0,0.0,0.0,0.0
option8,2032,4017.02,4115.04,98.03,90.04,176.8,86.76,120.29,131.55,11.26,210.33,308.35,98.03,static,0.0,0.0,0.0,0.0,0.0,0.0,0.0,0.0
option8,2033,4256.87,4358.25,101.38,97.27,187.31,90.03,128.43,139.77,11.35,225.7,327.08,101.38,static,0.0,0.0,0.0,0.0,0.0,0.0,0.0,0.0
option8,2034,4503.4,4608.05,104.65,104.77,198.28,93.51,138.46,149.6,11.14,243.23,347.88,104.65,static,0.0,0.0,0.0,0.0,0.0,0.0,0.0,0.0
option8,2035,4733.31,4840.95,107.63,111.99,208.5,96.51,145.71,156.83,11.12,257.69,365.33,107.63,static,0.0,0.0,0.0,0.0,0.0,0.0,0.0,0.0
option8,2036,4969.93,5081.14,111.2,118.69,218.59,99.89,153.14,164.45,11.31,271.83,383.04,111.2,static,0.0,0.0,0.0,0.0,0.0,0.0,0.0,0.0
option8,2037,5195.18,5309.9,114.73,125.29,228.42,103.13,159.18,170.77,11.59,284.47,399.19,114.73,static,0.0,0.0,0.0,0.0,0.0,0.0,0.0,0.0
option8,2038,5455.75,5574.41,118.66,131.94,238.8,106.85,167.14,178.95,11.81,299.08,417.74,118.66,static,0.0,0.0,0.0,0.0,0.0,0.0,0.0,0.0
option8,2039,5708.82,5831.88,123.06,138.64,249.64,111.0,175.53,187.59,12.07,314.17,437.23,123.06,static,0.0,0.0,0.0,0.0,0.0,0.0,0.0,0.0
option8,2040,5992.01,6119.6,127.59,145.32,260.64,115.32,184.37,196.64,12.27,329.68,457.28,127.59,static,0.0,0.0,0.0,0.0,0.0,0.0,0.0,0.0
option8,2041,6271.75,6402.83,131.08,152.26,271.06,118.81,191.31,203.59,12.28,343.57,474.65,131.08,static,0.0,0.0,0.0,0.0,0.0,0.0,0.0,0.0
option8,2042,6593.43,6728.12,134.69,159.2,281.63,122.44,198.34,210.59,12.25,357.54,492.23,134.69,static,0.0,0.0,0.0,0.0,0.0,0.0,0.0,0.0
option8,2043,6887.11,7026.72,139.61,166.35,293.74,127.39,207.72,219.94,12.22,374.07,513.68,139.61,static,0.0,0.0,0.0,0.0,0.0,0.0,0.0,0.0
option8,2044,7214.69,7358.75,144.06,173.65,305.47,131.82,215.4,227.64,12.24,389.05,533.11,144.06,static,0.0,0.0,0.0,0.0,0.0,0.0,0.0,0.0
option8,2045,7586.72,7736.82,150.11,181.24,318.91,137.67,225.62,238.06,12.44,406.86,556.97,150.11,static,0.0,0.0,0.0,0.0,0.0,0.0,0.0,0.0
option8,2046,7960.34,8116.67,156.33,189.23,332.72,143.49,233.93,246.77,12.84,423.16,579.49,156.33,static,0.0,0.0,0.0,0.0,0.0,0.0,0.0,0.0
option8,2047,8360.72,8523.26,162.54,197.64,346.94,149.31,242.53,255.76,13.24,440.16,602.71,162.54,static,0.0,0.0,0.0,0.0,0.0,0.0,0.0,0.0
option8,2048,8772.49,8941.33,168.84,206.49,361.88,155.39,254.13,267.58,13.45,460.62,629.46,168.84,static,0.0,0.0,0.0,0.0,0.0,0.0,0.0,0.0
option8,2049,9173.85,9348.59,174.74,215.72,376.7,160.98,263.7,277.46,13.76,479.42,654.16,174.74,static,0.0,0.0,0.0,0.0,0.0,0.0,0.0,0.0
option8,2050,9570.3,9749.29,178.99,230.01,395.2,165.19,276.58,290.39,13.8,506.59,685.58,178.99,static,0.0,0.0,0.0,0.0,0.0,0.0,0.0,0.0
option8,2051,9963.5,10148.39,184.89,240.24,410.89,170.65,287.11,301.36,14.24,527.35,712.24,184.89,static,0.0,0.0,0.0,0.0,0.0,0.0,0.0,0.0
option8,2052,10406.89,10599.43,192.54,251.06,429.24,178.18,301.14,315.5,14.36,552.2,744.73,192.54,static,0.0,0.0,0.0,0.0,0.0,0.0,0.0,0.0
option8,2053,10910.82,11110.43,199.62,262.52,447.6,185.08,312.73,327.27,14.53,575.25,774.86,199.62,static,0.0,0.0,0.0,0.0,0.0,0.0,0.0,0.0
option8,2054,11476.68,11684.91,208.23,274.5,467.99,193.5,327.93,342.67,14.74,602.43,810.66,208.23,static,0.0,0.0,0.0,0.0,0.0,0.0,0.0,0.0
option8,2055,12114.6,12332.58,217.98,287.18,490.14,202.97,343.9,358.91,15.01,631.08,849.06,217.98,static,0.0,0.0,0.0,0.0,0.0,0.0,0.0,0.0
option8,2056,12635.47,12861.87,226.39,300.56,511.71,211.15,356.98,372.22,15.25,657.54,883.93,226.39,static,0.0,0.0,0.0,0.0,0.0,0.0,0.0,0.0
option8,2057,13231.74,13468.91,237.17,314.7,536.34,221.64,374.16,389.69,15.53,688.86,926.03,237.17,static,0.0,0.0,0.0,0.0,0.0,0.0,0.0,0.0
option8,2058,13812.88,14060.1,247.22,329.64,561.14,231.5,392.19,407.91,15.72,721.83,969.05,247.22,static,0.0,0.0,0.0,0.0,0.0,0.0,0.0,0.0
option8,2059,14419.02,14676.95,257.93,345.05,586.96,241.92,411.27,427.28,16.01,756.31,1014.24,257.93,static,0.0,0.0,0.0,0.0,0.0,0.0,0.0,0.0
option8,2060,14959.21,15227.14,267.93,361.13,612.78,251.65,427.26,443.54,16.28,788.39,1056.32,267.93,static,0.0,0.0,0.0,0.0,0.0,0.0,0.0,0.0
option8,2061,15728.96,16008.48,279.52,377.54,640.55,263.01,447.91,464.42,16.51,825.45,1104.96,279.52,static,0.0,0.0,0.0,0.0,0.0,0.0,0.0,0.0
option8,2062,16474.6,16766.48,291.88,394.78,670.03,275.25,469.64,486.27,16.63,864.42,1156.3,291.88,static,0.0,0.0,0.0,0.0,0.0,0.0,0.0,0.0
option8,2063,17343.28,17645.32,302.04,412.43,697.69,285.26,487.92,504.71,16.79,900.35,1202.4,302.04,static,0.0,0.0,0.0,0.0,0.0,0.0,0.0,0.0
option8,2064,18296.42,18607.62,311.2,430.56,725.21,294.64,511.41,527.97,16.56,941.97,1253.18,311.2,static,0.0,0.0,0.0,0.0,0.0,0.0,0.0,0.0
option8,2065,19237.88,19560.58,322.7,449.83,755.92,306.09,531.04,547.65,16.61,980.87,1303.57,322.7,static,0.0,0.0,0.0,0.0,0.0,0.0,0.0,0.0
option8,2066,20156.91,20495.49,338.58,469.55,791.26,321.71,558.18,575.05,16.87,1027.73,1366.31,338.58,static,0.0,0.0,0.0,0.0,0.0,0.0,0.0,0.0
option8,2067,21268.38,21622.2,353.81,489.58,826.23,336.66,584.19,601.35,17.16,1073.77,1427.58,353.81,static,0.0,0.0,0.0,0.0,0.0,0.0,0.0,0.0
option8,2068,22485.51,22853.67,368.16,510.96,861.76,350.79,605.01,622.37,17.36,1115.97,1484.13,368.16,static,0.0,0.0,0.0,0.0,0.0,0.0,0.0,0.0
option8,2069,23604.17,23989.4,385.23,533.23,900.8,367.57,633.77,651.44,17.66,1167.0,1552.24,385.23,static,0.0,0.0,0.0,0.0,0.0,0.0,0.0,0.0
option8,2070,24533.26,24934.91,401.65,556.5,940.11,383.61,657.54,675.58,18.04,1214.04,1615.69,401.65,static,0.0,0.0,0.0,0.0,0.0,0.0,0.0,0.0
option8,2071,25487.58,25906.82,419.24,580.64,981.39,400.75,688.51,707.0,18.49,1269.16,1688.4,419.24,static,0.0,0.0,0.0,0.0,0.0,0.0,0.0,0.0
option8,2072,26544.07,26979.9,435.83,605.66,1022.86,417.2,720.94,739.57,18.63,1326.6,1762.43,435.83,static,0.0,0.0,0.0,0.0,0.0,0.0,0.0,0.0
option8,2073,27541.54,27996.04,454.5,631.9,1067.68,435.78,748.09,766.81,18.72,1379.99,1834.49,454.5,static,0.0,0.0,0.0,0.0,0.0,0.0,0.0,0.0
option8,2074,28655.89,29139.33,483.44,659.0,1122.84,463.84,783.45,803.06,19.6,1442.45,1925.89,483.44,static,0.0,0.0,0.0,0.0,0.0,0.0,0.0,0.0
option8,2075,29746.26,30256.65,510.38,687.37,1177.21,489.84,813.34,833.89,20.55,1500.72,2011.1,510.38,static,0.0,0.0,0.0,0.0,0.0,0.0,0.0,0.0
option8,2076,30861.12,31396.5,535.38,716.2,1230.23,514.03,851.83,873.18,21.35,1568.04,2103.41,535.38,static,0.0,0.0,0.0,0.0,0.0,0.0,0.0,0.0
option8,2077,32184.28,32744.91,560.63,745.71,1284.11,538.4,883.92,906.15,22.23,1629.63,2190.26,560.63,static,0.0,0.0,0.0,0.0,0.0,0.0,0.0,0.0
option8,2078,33355.62,33929.77,574.15,776.47,1328.09,551.62,917.63,940.16,22.53,1694.1,2268.25,574.15,static,0.0,0.0,0.0,0.0,0.0,0.0,0.0,0.0
option8,2079,34882.62,35477.74,595.11,808.06,1380.04,571.98,961.02,984.15,23.13,1769.08,2364.19,595.11,static,0.0,0.0,0.0,0.0,0.0,0.0,0.0,0.0
option8,2080,36869.2,37488.4,619.19,840.35,1435.62,595.27,998.22,1022.14,23.92,1838.57,2457.76,619.19,static,0.0,0.0,0.0,0.0,0.0,0.0,0.0,0.0
option8,2081,39012.42,39661.63,649.21,872.35,1496.53,624.18,1037.85,1062.87,25.02,1910.2,2559.4,649.21,static,0.0,0.0,0.0,0.0,0.0,0.0,0.0,0.0
option8,2082,41046.12,41725.18,679.06,906.18,1559.16,652.98,1077.45,1103.53,26.08,1983.63,2662.7,679.06,static,0.0,0.0,0.0,0.0,0.0,0.0,0.0,0.0
option8,2083,42990.89,43692.7,701.81,940.7,1615.58,674.88,1118.72,1145.65,26.93,2059.42,2761.23,701.81,static,0.0,0.0,0.0,0.0,0.0,0.0,0.0,0.0
option8,2084,44949.8,45682.93,733.13,975.87,1680.61,704.74,1161.38,1189.77,28.39,2137.25,2870.38,733.13,static,0.0,0.0,0.0,0.0,0.0,0.0,0.0,0.0
option8,2085,46813.82,47564.39,750.57,1011.06,1732.39,721.33,1206.58,1235.82,29.24,2217.64,2968.21,750.57,static,0.0,0.0,0.0,0.0,0.0,0.0,0.0,0.0
option8,2086,48730.92,49486.59,755.67,1048.43,1775.17,726.74,1242.5,1271.43,28.93,2290.93,3046.6,755.67,static,0.0,0.0,0.0,0.0,0.0,0.0,0.0,0.0
option8,2087,51306.51,52102.65,796.14,1086.68,1853.17,766.49,1291.35,1321.01,29.65,2378.04,3174.18,796.14,static,0.0,0.0,0.0,0.0,0.0,0.0,0.0,0.0
option8,2088,53632.43,54457.04,824.61,1126.57,1920.35,793.78,1341.92,1372.75,30.83,2468.5,3293.1,824.61,static,0.0,0.0,0.0,0.0,0.0,0.0,0.0,0.0
option8,2089,55680.14,56513.84,833.7,1167.47,1969.32,801.85,1382.08,1413.93,31.85,2549.55,3383.25,833.7,static,0.0,0.0,0.0,0.0,0.0,0.0,0.0,0.0
option8,2090,58109.01,58968.3,859.3,1209.32,2035.6,826.28,1436.9,1469.92,33.02,2646.22,3505.51,859.3,static,0.0,0.0,0.0,0.0,0.0,0.0,0.0,0.0
option8,2091,60904.67,61804.89,900.22,1252.9,2118.87,865.98,1493.89,1528.13,34.24,2746.78,3647.0,900.22,static,0.0,0.0,0.0,0.0,0.0,0.0,0.0,0.0
option8,2092,63917.68,64854.48,936.8,1298.35,2199.7,901.35,1539.32,1574.76,35.44,2837.67,3774.46,936.8,static,0.0,0.0,0.0,0.0,0.0,0.0,0.0,0.0
option8,2093,66857.49,67837.94,980.45,1345.4,2288.76,943.36,1600.52,1637.61,37.09,2945.92,3926.37,980.45,static,0.0,0.0,0.0,0.0,0.0,0.0,0.0,0.0
option8,2094,69792.56,70817.04,1024.48,1395.11,2380.65,985.54,1663.49,1702.43,38.94,3058.6,4083.08,1024.48,static,0.0,0.0,0.0,0.0,0.0,0.0,0.0,0.0
option8,2095,72593.86,73670.37,1076.51,1448.02,2483.54,1035.52,1729.39,1770.38,41.0,3177.41,4253.92,1076.51,static,0.0,0.0,0.0,0.0,0.0,0.0,0.0,0.0
option8,2096,75835.3,76951.96,1116.67,1503.94,2578.37,1074.43,1797.32,1839.55,42.24,3301.26,4417.92,1116.67,static,0.0,0.0,0.0,0.0,0.0,0.0,0.0,0.0
option8,2097,79188.16,80345.82,1157.66,1562.33,2676.43,1114.1,1850.92,1894.48,43.57,3413.25,4570.91,1157.66,static,0.0,0.0,0.0,0.0,0.0,0.0,0.0,0.0
option8,2098,83126.35,84309.7,1183.35,1623.38,2761.88,1138.51,1923.56,1968.4,44.84,3546.94,4730.28,1183.35,static,0.0,0.0,0.0,0.0,0.0,0.0,0.0,0.0
option8,2099,88462.17,89704.64,1242.47,1688.15,2884.78,1196.63,2017.38,2063.21,45.84,3705.53,4948.0,1242.47,static,0.0,0.0,0.0,0.0,0.0,0.0,0.0,0.0
option8,2100,93385.15,94703.48,1318.33,1755.98,3027.31,1271.34,2096.83,2143.82,46.99,3852.81,5171.14,1318.33,static,0.0,0.0,0.0,0.0,0.0,0.0,0.0,0.0
