reform_name,year,baseline_revenue,reform_revenue,revenue_impact,baseline_tob_medicare_hi,reform_tob_medicare_hi,tob_medicare_hi_impact,baseline_tob_oasdi,reform_tob_oasdi,tob_oasdi_impact,baseline_tob_total,reform_tob_total,tob_total_impact,scoring_type
option1,2026,2577.12,2474.28,-102.84,82.28,0,-82.28,20.56,0,-20.56,102.84,0,-102.84,static
option1,2027,2748.99,2637.99,-111,89.46,0,-89.46,21.54,0,-21.54,111,0,-111,static
option1,2028,2958.92,2837.63,-121.29,98.5,0,-98.5,22.79,0,-22.79,121.29,0,-121.29,static
option1,2029,3205.07,3071.06,-134.01,109.15,0,-109.15,24.86,0,-24.86,134.01,0,-134.01,static
option1,2030,3432.78,3287.89,-144.88,118.84,0,-118.84,26.05,0,-26.05,144.88,0,-144.88,static
option1,2031,3640.49,3485.48,-155.01,128.04,0,-128.04,26.96,0,-26.96,155.01,0,-155.01,static
option1,2032,3875.09,3708.57,-166.52,138.52,0,-138.52,28,0,-28,166.52,0,-166.52,static
option1,2033,4113.22,3934.86,-178.36,149.29,0,-149.29,29.07,0,-29.07,178.36,0,-178.36,static
option1,2034,4359.97,4168.85,-191.11,160.92,0,-160.92,30.19,0,-30.19,191.11,0,-191.11,static
option1,2035,4594.77,4390.48,-204.29,172.97,0,-172.97,31.32,0,-31.32,204.29,0,-204.29,static
option1,2036,4849.4,4631.57,-217.83,185.43,0,-185.43,32.4,0,-32.4,217.83,0,-217.83,static
option1,2037,5094.39,4863.02,-231.36,197.95,0,-197.95,33.41,0,-33.41,231.36,0,-231.36,static
option1,2038,5362.51,5116.43,-246.08,211.56,0,-211.56,34.52,0,-34.52,246.08,0,-246.08,static
option1,2039,5639.71,5378.47,-261.25,225.66,0,-225.66,35.59,0,-35.59,261.25,0,-261.25,static
option1,2040,5932.42,5655.72,-276.7,240.06,0,-240.06,36.64,0,-36.64,276.7,0,-276.7,static
option1,2041,6241.13,5947.47,-293.66,255.81,0,-255.81,37.85,0,-37.85,293.66,0,-293.66,static
option1,2042,6578.56,6266.66,-311.9,272.82,0,-272.82,39.08,0,-39.08,311.9,0,-311.9,static
option1,2043,6897.21,6567.61,-329.6,289.43,0,-289.43,40.16,0,-40.16,329.6,0,-329.6,static
option1,2044,7235.47,6887.13,-348.35,307.15,0,-307.15,41.19,0,-41.19,348.35,0,-348.35,static
option1,2045,7596.82,7229.97,-366.85,324.38,0,-324.38,42.47,0,-42.47,366.85,0,-366.85,static
option1,2046,7970.24,7586.94,-383.3,339.55,0,-339.55,43.75,0,-43.75,383.3,0,-383.3,static
option1,2047,8329.4,7930.37,-399.03,354.04,0,-354.04,44.99,0,-44.99,399.03,0,-399.03,static
option1,2048,8713.79,8295.68,-418.1,371.95,0,-371.95,46.16,0,-46.16,418.1,0,-418.1,static
option1,2049,9115.76,8674.38,-441.38,394.15,0,-394.15,47.23,0,-47.23,441.38,0,-441.38,static
option1,2050,9525.64,9063.18,-462.45,414.4,0,-414.4,48.06,0,-48.06,462.45,0,-462.45,static
option1,2051,9976.44,9487.82,-488.62,439.61,0,-439.61,49.01,0,-49.01,488.62,0,-488.62,static
option1,2052,10461.72,9944.77,-516.95,466.95,0,-466.95,50,0,-50,516.95,0,-516.95,static
option1,2053,10973.39,10425.22,-548.17,497.07,0,-497.07,51.1,0,-51.1,548.17,0,-548.17,static
option1,2054,11363.99,10835.08,-528.9,481.24,0,-481.24,47.67,0,-47.67,528.9,0,-528.9,static
option1,2055,11896.67,11342.3,-554.37,505.83,0,-505.83,48.53,0,-48.53,554.37,0,-554.37,static
option1,2056,12446.73,11871.46,-575.27,526.24,0,-526.24,49.03,0,-49.03,575.27,0,-575.27,static
option1,2057,13057.71,12454.72,-603,553.11,0,-553.11,49.89,0,-49.89,603,0,-603,static
option1,2058,13686.6,13054.41,-632.2,581.42,0,-581.42,50.78,0,-50.78,632.2,0,-632.2,static
option1,2059,14338.65,13675.84,-662.81,611.13,0,-611.13,51.69,0,-51.69,662.81,0,-662.81,static
option1,2060,14976.35,14289.52,-686.83,634.7,0,-634.7,52.13,0,-52.13,686.83,0,-686.83,static
option1,2061,15705.18,14985.86,-719.32,666.27,0,-666.27,53.05,0,-53.05,719.32,0,-719.32,static
option1,2062,16470.14,15715.92,-754.23,700.19,0,-700.19,54.04,0,-54.04,754.23,0,-754.23,static
option1,2063,17206.18,16422.14,-784.04,729.45,0,-729.45,54.59,0,-54.59,784.04,0,-784.04,static
option1,2064,18050.42,17228.1,-822.32,766.75,0,-766.75,55.57,0,-55.57,822.32,0,-822.32,static
option1,2065,18889.73,18035.13,-854.61,798.49,0,-798.49,56.12,0,-56.12,854.61,0,-854.61,static
option1,2066,19826.73,18929.36,-897.37,840.18,0,-840.18,57.2,0,-57.2,897.37,0,-897.37,static
option1,2067,20822.67,19881.92,-940.75,882.54,0,-882.54,58.21,0,-58.21,940.75,0,-940.75,static
option1,2068,21785.3,20808.4,-976.91,918.13,0,-918.13,58.78,0,-58.78,976.91,0,-976.91,static
option1,2069,22838.52,21814.67,-1023.85,963.99,0,-963.99,59.86,0,-59.86,1023.85,0,-1023.85,static
option1,2070,23875.97,22813.43,-1062.54,1002.11,0,-1002.11,60.43,0,-60.43,1062.54,0,-1062.54,static
option1,2071,25024.84,23911.55,-1113.29,1051.77,0,-1051.77,61.52,0,-61.52,1113.29,0,-1113.29,static
option1,2072,26196.94,25031.16,-1165.78,1103.19,0,-1103.19,62.59,0,-62.59,1165.78,0,-1165.78,static
option1,2073,27363.1,26155.63,-1207.47,1144.43,0,-1144.43,63.04,0,-63.04,1207.47,0,-1207.47,static
option1,2074,28664.09,27401.01,-1263.08,1199,0,-1199,64.07,0,-64.07,1263.08,0,-1263.08,static
option1,2075,29948.73,28640.11,-1308.62,1244.07,0,-1244.07,64.55,0,-64.55,1308.62,0,-1308.62,static
option1,2076,31410.37,30040.46,-1369.91,1304.23,0,-1304.23,65.68,0,-65.68,1369.91,0,-1369.91,static
option1,2077,32808.87,31390.3,-1418.57,1352.32,0,-1352.32,66.25,0,-66.25,1418.57,0,-1418.57,static
option1,2078,34265.78,32795.32,-1470.46,1403.56,0,-1403.56,66.89,0,-66.89,1470.46,0,-1470.46,static
option1,2079,35921.98,34382.51,-1539.46,1471.36,0,-1471.36,68.1,0,-68.1,1539.46,0,-1539.46,static
option1,2080,37478.44,35880.77,-1597.67,1528.88,0,-1528.88,68.79,0,-68.79,1597.67,0,-1597.67,static
option1,2081,39140.65,37482.83,-1657.82,1588.39,0,-1588.39,69.43,0,-69.43,1657.82,0,-1657.82,static
option1,2082,40916.55,39196.24,-1720.31,1650.26,0,-1650.26,70.05,0,-70.05,1720.31,0,-1720.31,static
option1,2083,42794.38,41007.35,-1787.02,1716.28,0,-1716.28,70.74,0,-70.74,1787.02,0,-1787.02,static
option1,2084,44721.74,42865.77,-1855.97,1784.56,0,-1784.56,71.4,0,-71.4,1855.97,0,-1855.97,static
option1,2085,46806.81,44876.8,-1930.01,1857.99,0,-1857.99,72.01,0,-72.01,1930.01,0,-1930.01,static
option1,2086,48843.6,46853.23,-1990.37,1918.17,0,-1918.17,72.2,0,-72.2,1990.37,0,-1990.37,static
option1,2087,51066.9,48998.39,-2068.51,1995.56,0,-1995.56,72.96,0,-72.96,2068.51,0,-2068.51,static
option1,2088,53453.23,51301.2,-2152.04,2078.13,0,-2078.13,73.9,0,-73.9,2152.04,0,-2152.04,static
option1,2089,55870.99,53651.44,-2219.55,2145.33,0,-2145.33,74.21,0,-74.21,2219.55,0,-2219.55,static
option1,2090,58598.38,56284.02,-2314.36,2238.95,0,-2238.95,75.4,0,-75.4,2314.36,0,-2314.36,static
option1,2091,61517.28,59099.89,-2417.39,2340.68,0,-2340.68,76.7,0,-76.7,2417.39,0,-2417.39,static
option1,2092,64426.67,61926.73,-2499.94,2422.75,0,-2422.75,77.18,0,-77.18,2499.94,0,-2499.94,static
option1,2093,67446.37,64853.39,-2592.98,2515.24,0,-2515.24,77.74,0,-77.74,2592.98,0,-2592.98,static
option1,2094,70501.99,67813.51,-2688.48,2610.09,0,-2610.09,78.4,0,-78.4,2688.48,0,-2688.48,static
option1,2095,73672.29,70881.29,-2790.99,2711.96,0,-2711.96,79.03,0,-79.03,2790.99,0,-2790.99,static
option1,2096,76962.75,74056.03,-2906.72,2826.6,0,-2826.6,80.12,0,-80.12,2906.72,0,-2906.72,static
option1,2097,80321.76,77321.95,-2999.81,2918.96,0,-2918.96,80.85,0,-80.85,2999.81,0,-2999.81,static
option1,2098,84052.84,80936.38,-3116.47,3034.62,0,-3034.62,81.85,0,-81.85,3116.47,0,-3116.47,static
option1,2099,87980.17,84716.96,-3263.21,3180.04,0,-3180.04,83.16,0,-83.16,3263.21,0,-3263.21,static
option1,2100,92025.18,88634.5,-3390.68,3306.88,0,-3306.88,83.81,0,-83.81,3390.68,0,-3390.68,static
option2,2026,2577.12,2605.38,28.26,82.28,104.89,22.61,20.56,26.21,5.65,102.84,131.1,28.26,static
option2,2027,2748.99,2778.6,29.61,89.46,113.32,23.86,21.54,27.29,5.75,111,140.61,29.61,static
option2,2028,2958.92,2989.76,30.84,98.5,123.55,25.05,22.79,28.58,5.79,121.29,152.13,30.84,static
option2,2029,3205.07,3247.7,42.63,109.15,143.87,34.72,24.86,32.77,7.91,134.01,176.64,42.63,static
option2,2030,3432.78,3477.38,44.6,118.84,155.42,36.58,26.05,34.07,8.02,144.88,189.48,44.6,static
option2,2031,3640.49,3686.93,46.44,128.04,166.4,38.36,26.96,35.04,8.08,155.01,201.45,46.44,static
option2,2032,3875.09,3923.45,48.36,138.52,178.75,40.23,28,36.13,8.13,166.52,214.88,48.36,static
option2,2033,4113.22,4163.25,50.04,149.29,191.17,41.88,29.07,37.23,8.16,178.36,228.4,50.04,static
option2,2034,4359.97,4411.14,51.17,160.92,204.01,43.09,30.19,38.27,8.08,191.11,242.28,51.17,static
option2,2035,4594.77,4646.78,52.01,172.97,217.01,44.04,31.32,39.29,7.97,204.29,256.3,52.01,static
option2,2036,4849.4,4902.92,53.53,185.43,231,45.57,32.4,40.36,7.96,217.83,271.36,53.53,static
option2,2037,5094.39,5149.45,55.06,197.95,245.06,47.11,33.41,41.36,7.95,231.36,286.42,55.06,static
option2,2038,5362.51,5418.93,56.42,211.56,260.07,48.51,34.52,42.43,7.91,246.08,302.5,56.42,static
option2,2039,5639.71,5697.51,57.8,225.66,275.59,49.93,35.59,43.46,7.87,261.25,319.05,57.8,static
option2,2040,5932.42,5991.73,59.31,240.06,291.52,51.46,36.64,44.49,7.85,276.7,336.01,59.31,static
option2,2041,6241.13,6301.81,60.68,255.81,308.67,52.86,37.85,45.67,7.82,293.66,354.34,60.68,static
option2,2042,6578.56,6640.32,61.76,272.82,326.84,54.02,39.08,46.82,7.74,311.9,373.66,61.76,static
option2,2043,6897.21,6960.44,63.23,289.43,344.95,55.52,40.16,47.86,7.7,329.6,392.83,63.23,static
option2,2044,7235.47,7300.18,64.71,307.15,364.21,57.06,41.19,48.84,7.65,348.35,413.06,64.71,static
option2,2045,7596.82,7663.81,66.99,324.38,383.61,59.23,42.47,50.23,7.76,366.85,433.84,66.99,static
option2,2046,7970.24,8040.48,70.24,339.55,401.77,62.22,43.75,51.77,8.02,383.3,453.54,70.24,static
option2,2047,8329.4,8403.2,73.81,354.04,419.53,65.49,44.99,53.31,8.32,399.03,472.84,73.81,static
option2,2048,8713.79,8789.36,75.57,371.95,439.18,67.23,46.16,54.5,8.34,418.1,493.67,75.57,static
option2,2049,9115.76,9191.4,75.64,394.15,461.7,67.55,47.23,55.32,8.09,441.38,517.02,75.64,static
option2,2050,9525.64,9601.62,75.98,414.4,482.49,68.09,48.06,55.96,7.9,462.45,538.43,75.98,static
option2,2051,9976.44,10052.02,75.57,439.61,507.6,67.99,49.01,56.59,7.58,488.62,564.19,75.57,static
option2,2052,10461.72,10536.57,74.85,466.95,534.56,67.61,50,57.24,7.24,516.95,591.8,74.85,static
option2,2053,10973.39,11048.48,75.09,497.07,565.16,68.09,51.1,58.1,7,548.17,623.26,75.09,static
option2,2054,11363.99,11454.94,90.96,481.24,564,82.76,47.67,55.87,8.2,528.9,619.86,90.96,static
option2,2055,11896.67,11991.2,94.53,505.83,592.08,86.25,48.53,56.81,8.28,554.37,648.9,94.53,static
option2,2056,12446.73,12545.96,99.23,526.24,617.01,90.77,49.03,57.49,8.46,575.27,674.5,99.23,static
option2,2057,13057.71,13160.82,103.1,553.11,647.68,94.57,49.89,58.42,8.53,603,706.1,103.1,static
option2,2058,13686.6,13793.88,107.27,581.42,680.07,98.65,50.78,59.4,8.62,632.2,739.47,107.27,static
option2,2059,14338.65,14450.15,111.5,611.13,713.94,102.81,51.69,60.39,8.7,662.81,774.31,111.5,static
option2,2060,14976.35,15093.2,116.85,634.7,742.68,107.98,52.13,61,8.87,686.83,803.68,116.85,static
option2,2061,15705.18,15826.55,121.37,666.27,778.69,112.42,53.05,62,8.95,719.32,840.69,121.37,static
option2,2062,16470.14,16595.8,125.65,700.19,816.84,116.65,54.04,63.04,9,754.23,879.88,125.65,static
option2,2063,17206.18,17337.46,131.28,729.45,851.59,122.14,54.59,63.73,9.14,784.04,915.32,131.28,static
option2,2064,18050.42,18186.63,136.21,766.75,893.76,127.01,55.57,64.77,9.2,822.32,958.53,136.21,static
option2,2065,18889.73,19032.1,142.37,798.49,931.51,133.02,56.12,65.47,9.35,854.61,996.98,142.37,static
option2,2066,19826.73,19974.41,147.68,840.18,978.45,138.27,57.2,66.61,9.41,897.37,1045.05,147.68,static
option2,2067,20822.67,20975.88,153.2,882.54,1026.26,143.72,58.21,67.69,9.48,940.75,1093.95,153.2,static
option2,2068,21785.3,21945.66,160.35,918.13,1068.83,150.7,58.78,68.43,9.65,976.91,1137.26,160.35,static
option2,2069,22838.52,23004.86,166.34,963.99,1120.6,156.61,59.86,69.59,9.73,1023.85,1190.19,166.34,static
option2,2070,23875.97,24050.33,174.35,1002.11,1166.54,164.43,60.43,70.35,9.92,1062.54,1236.89,174.35,static
option2,2071,25024.84,25205.91,181.07,1051.77,1222.83,171.06,61.52,71.53,10.01,1113.29,1294.36,181.07,static
option2,2072,26196.94,26384.93,187.99,1103.19,1281.09,177.9,62.59,72.68,10.09,1165.78,1353.77,187.99,static
option2,2073,27363.1,27560.56,197.46,1144.43,1331.58,187.15,63.04,73.35,10.31,1207.47,1404.93,197.46,static
option2,2074,28664.09,28869.91,205.82,1199,1394.38,195.38,64.07,74.51,10.44,1263.08,1468.9,205.82,static
option2,2075,29948.73,30164.95,216.21,1244.07,1449.62,205.55,64.55,75.21,10.66,1308.62,1524.83,216.21,static
option2,2076,31410.37,31635.06,224.69,1304.23,1518.15,213.92,65.68,76.45,10.77,1369.91,1594.6,224.69,static
option2,2077,32808.87,33044.83,235.96,1352.32,1577.26,224.94,66.25,77.27,11.02,1418.57,1654.53,235.96,static
option2,2078,34265.78,34513.61,247.83,1403.56,1640.11,236.55,66.89,78.16,11.27,1470.46,1718.29,247.83,static
option2,2079,35921.98,36179.8,257.82,1471.36,1717.77,246.41,68.1,79.51,11.41,1539.46,1797.28,257.82,static
option2,2080,37478.44,37747.98,269.54,1528.88,1786.81,257.93,68.79,80.4,11.61,1597.67,1867.21,269.54,static
option2,2081,39140.65,39422.42,281.77,1588.39,1858.36,269.97,69.43,81.23,11.8,1657.82,1939.59,281.77,static
option2,2082,40916.55,41210.74,294.19,1650.26,1932.47,282.21,70.05,82.03,11.98,1720.31,2014.5,294.19,static
option2,2083,42794.38,43101.3,306.92,1716.28,2011.05,294.77,70.74,82.89,12.15,1787.02,2093.94,306.92,static
option2,2084,44721.74,45041.97,320.22,1784.56,2092.46,307.9,71.4,83.72,12.32,1855.97,2176.19,320.22,static
option2,2085,46806.81,47139.6,332.79,1857.99,2178.36,320.37,72.01,84.43,12.42,1930.01,2262.8,332.79,static
option2,2086,48843.6,49192.5,348.91,1918.17,2254.42,336.25,72.2,84.86,12.66,1990.37,2339.28,348.91,static
option2,2087,51066.9,51430.5,363.6,1995.56,2346.34,350.78,72.96,85.78,12.82,2068.51,2432.11,363.6,static
option2,2088,53453.23,53831.53,378.3,2078.13,2443.44,365.31,73.9,86.89,12.99,2152.04,2530.34,378.3,static
option2,2089,55870.99,56267.41,396.42,2145.33,2528.49,383.16,74.21,87.46,13.25,2219.55,2615.97,396.42,static
option2,2090,58598.38,59009.8,411.42,2238.95,2636.96,398.01,75.4,88.8,13.4,2314.36,2725.78,411.42,static
option2,2091,61517.28,61943.36,426.08,2340.68,2753.24,412.56,76.7,90.22,13.52,2417.39,2843.47,426.08,static
option2,2092,64426.67,64870.05,443.38,2422.75,2852.44,429.69,77.18,90.87,13.69,2499.94,2943.32,443.38,static
option2,2093,67446.37,67907.69,461.32,2515.24,2962.73,447.49,77.74,91.57,13.83,2592.98,3054.3,461.32,static
option2,2094,70501.99,70983.26,481.27,2610.09,3077.33,467.24,78.4,92.43,14.03,2688.48,3169.75,481.27,static
option2,2095,73672.29,74174.08,501.79,2711.96,3199.54,487.58,79.03,93.24,14.21,2790.99,3292.78,501.79,static
option2,2096,76962.75,77486.45,523.7,2826.6,3335.86,509.26,80.12,94.56,14.44,2906.72,3430.42,523.7,static
option2,2097,80321.76,80872.02,550.26,2918.96,3454.39,535.43,80.85,95.68,14.83,2999.81,3550.07,550.26,static
option2,2098,84052.84,84626.53,573.69,3034.62,3593.24,558.62,81.85,96.92,15.07,3116.47,3690.16,573.69,static
option2,2099,87980.17,88575.65,595.48,3180.04,3760.34,580.3,83.16,98.34,15.18,3263.21,3858.69,595.48,static
option2,2100,92025.18,92648.17,622.99,3306.88,3914.47,607.59,83.81,99.21,15.4,3390.68,4013.67,622.99,static
option3,2026,2577.12,2605.38,28.26,82.28,131.1,48.82,20.56,0,-20.56,102.84,131.1,28.26,static
option3,2027,2748.99,2778.6,29.61,89.46,140.62,51.16,21.54,0,-21.54,111,140.62,29.61,static
option3,2028,2958.92,2989.76,30.84,98.5,152.14,53.64,22.79,0,-22.79,121.29,152.14,30.84,static
option3,2029,3205.07,3212.19,7.12,109.15,162.78,53.63,24.86,0,-24.86,134.01,162.78,28.77,static
option3,2030,3432.78,3441.35,8.57,118.84,175.33,56.5,26.05,0,-26.05,144.88,175.34,30.45,static
option3,2031,3640.49,3650.44,9.95,128.04,186.82,58.78,26.96,0,-26.96,155.01,186.82,31.82,static
option3,2032,3875.09,3886.75,11.66,138.52,199.99,61.47,28,0,-28,166.52,199.99,33.47,static
option3,2033,4113.22,4126.72,13.51,149.29,213.56,64.27,29.07,0,-29.07,178.36,213.56,35.19,static
option3,2034,4359.97,4374.59,14.62,160.92,227.4,66.48,30.19,0,-30.19,191.11,227.4,36.29,static
option3,2035,4594.77,4610.29,15.52,172.97,241.28,68.3,31.32,0,-31.32,204.29,241.28,36.99,static
option3,2036,4849.4,4866.43,17.03,185.43,256.22,70.79,32.4,0,-32.4,217.83,256.22,38.39,static
option3,2037,5094.39,5113.28,18.89,197.95,271.4,73.45,33.41,0,-33.41,231.36,271.4,40.04,static
option3,2038,5362.51,5383.22,20.71,211.56,287.8,76.24,34.52,0,-34.52,246.08,287.8,41.72,static
option3,2039,5639.71,5662.44,22.73,225.66,304.62,78.96,35.59,0,-35.59,261.25,304.62,43.37,static
option3,2040,5932.42,5956.71,24.29,240.06,321.76,81.7,36.64,0,-36.64,276.7,321.76,45.06,static
option3,2041,6241.13,6266.72,25.59,255.81,339.65,83.84,37.85,0,-37.85,293.66,339.65,45.99,static
option3,2042,6578.56,6605.72,27.16,272.82,359.23,86.41,39.08,0,-39.08,311.9,359.23,47.33,static
option3,2043,6897.21,6926.86,29.65,289.43,379.2,89.77,40.16,0,-40.16,329.6,379.2,49.6,static
option3,2044,7235.47,7266.97,31.5,307.15,399.37,92.22,41.19,0,-41.19,348.35,399.37,51.02,static
option3,2045,7596.82,7630.79,33.97,324.38,419.89,95.51,42.47,0,-42.47,366.85,419.89,53.04,static
option3,2046,7970.24,8007.29,37.05,339.55,438.87,99.32,43.75,0,-43.75,383.3,438.87,55.57,static
option3,2047,8329.4,8369.19,39.79,354.04,457.31,103.27,44.99,0,-44.99,399.03,457.31,58.28,static
option3,2048,8713.79,8754.84,41.06,371.95,478.02,106.07,46.16,0,-46.16,418.1,478.02,59.92,static
option3,2049,9115.76,9156.86,41.1,394.15,502.58,108.43,47.23,0,-47.23,441.38,502.58,61.2,static
option3,2050,9525.64,9566.85,41.21,414.4,525.18,110.79,48.06,0,-48.06,462.45,525.18,62.73,static
option3,2051,9976.44,10017.45,41.01,439.61,551.99,112.37,49.01,0,-49.01,488.62,551.99,63.36,static
option3,2052,10461.72,10502.38,40.66,466.95,580.59,113.64,50,0,-50,516.95,580.59,63.64,static
option3,2053,10973.39,11015.4,42.01,497.07,613.28,116.21,51.1,0,-51.1,548.17,613.28,65.11,static
option3,2054,11363.99,11425.79,61.8,481.24,607.4,126.17,47.67,0,-47.67,528.9,607.4,78.5,static
option3,2055,11896.67,11962.3,65.63,505.83,636.37,130.54,48.53,0,-48.53,554.37,636.37,82,static
option3,2056,12446.73,12517.29,70.56,526.24,661.81,135.57,49.03,0,-49.03,575.27,661.81,86.54,static
option3,2057,13057.71,13132.54,74.82,553.11,693.49,140.38,49.89,0,-49.89,603,693.49,90.49,static
option3,2058,13686.6,13766.04,79.44,581.42,727.1,145.68,50.78,0,-50.78,632.2,727.1,94.9,static
option3,2059,14338.65,14422.68,84.03,611.13,762.08,150.95,51.69,0,-51.69,662.81,762.08,99.26,static
option3,2060,14976.35,15065.79,89.44,634.7,791.21,156.51,52.13,0,-52.13,686.83,791.21,104.38,static
option3,2061,15705.18,15799.58,94.4,666.27,828.3,162.03,53.05,0,-53.05,719.32,828.3,108.98,static
option3,2062,16470.14,16569.25,99.1,700.19,867.56,167.37,54.04,0,-54.04,754.23,867.56,113.33,static
option3,2063,17206.18,17311.05,104.87,729.45,902.91,173.46,54.59,0,-54.59,784.04,902.91,118.87,static
option3,2064,18050.42,18160.77,110.35,766.75,946.3,179.55,55.57,0,-55.57,822.32,946.3,123.98,static
option3,2065,18889.73,19006.83,117.1,798.49,985.03,186.55,56.12,0,-56.12,854.61,985.03,130.43,static
option3,2066,19826.73,19949.67,122.94,840.18,1033.37,193.19,57.2,0,-57.2,897.37,1033.37,135.99,static
option3,2067,20822.67,20951.74,129.06,882.54,1082.82,200.29,58.21,0,-58.21,940.75,1082.82,142.07,static
option3,2068,21785.3,21922.01,136.71,918.13,1126.1,207.97,58.78,0,-58.78,976.91,1126.1,149.2,static
option3,2069,22838.52,22981.8,143.28,963.99,1179.09,215.1,59.86,0,-59.86,1023.85,1179.09,155.24,static
option3,2070,23875.97,24027.59,151.61,1002.11,1225.79,223.69,60.43,0,-60.43,1062.54,1225.79,163.25,static
option3,2071,25024.84,25183.66,158.81,1051.77,1283.51,231.74,61.52,0,-61.52,1113.29,1283.51,170.21,static
option3,2072,26196.94,26363.03,166.09,1103.19,1343.05,239.86,62.59,0,-62.59,1165.78,1343.05,177.27,static
option3,2073,27363.1,27538.82,175.72,1144.43,1394.17,249.74,63.04,0,-63.04,1207.47,1394.17,186.7,static
option3,2074,28664.09,28848.6,184.51,1199,1458.5,259.5,64.07,0,-64.07,1263.08,1458.5,195.43,static
option3,2075,29948.73,30143.92,195.18,1244.07,1514.68,270.61,64.55,0,-64.55,1308.62,1514.68,206.06,static
option3,2076,31410.37,31614.6,204.23,1304.23,1584.89,280.66,65.68,0,-65.68,1369.91,1584.89,214.98,static
option3,2077,32808.87,33024.73,215.86,1352.32,1645.1,292.78,66.25,0,-66.25,1418.57,1645.1,226.54,static
option3,2078,34265.78,34493.89,228.11,1403.56,1709.07,305.51,66.89,0,-66.89,1470.46,1709.07,238.62,static
option3,2079,35921.98,36160.66,238.69,1471.36,1788.64,317.29,68.1,0,-68.1,1539.46,1788.64,249.18,static
option3,2080,37478.44,37729.32,250.88,1528.88,1859.08,330.2,68.79,0,-68.79,1597.67,1859.08,261.41,static
option3,2081,39140.65,39404.26,263.61,1588.39,1932.02,343.63,69.43,0,-69.43,1657.82,1932.02,274.2,static
option3,2082,40916.55,41193.02,276.47,1650.26,2007.4,357.14,70.05,0,-70.05,1720.31,2007.4,287.09,static
option3,2083,42794.38,43084,289.63,1716.28,2087.3,371.02,70.74,0,-70.74,1787.02,2087.3,300.27,static
option3,2084,44721.74,45025.24,303.5,1784.56,2170.22,385.66,71.4,0,-71.4,1855.97,2170.22,314.25,static
option3,2085,46806.81,47123.54,316.74,1857.99,2257.42,399.43,72.01,0,-72.01,1930.01,2257.42,327.41,static
option3,2086,48843.6,49176.9,333.3,1918.17,2334.25,416.08,72.2,0,-72.2,1990.37,2334.25,343.88,static
option3,2087,51066.9,51415.4,348.49,1995.56,2427.49,431.93,72.96,0,-72.96,2068.51,2427.49,358.97,static
option3,2088,53453.23,53816.88,363.65,2078.13,2526.08,447.95,73.9,0,-73.9,2152.04,2526.08,374.05,static
option3,2089,55870.99,56253.1,382.11,2145.33,2611.93,466.59,74.21,0,-74.21,2219.55,2611.93,392.38,static
option3,2090,58598.38,58995.98,397.6,2238.95,2722.01,483.06,75.4,0,-75.4,2314.36,2722.01,407.66,static
option3,2091,61517.28,61930.1,412.82,2340.68,2840.08,499.4,76.7,0,-76.7,2417.39,2840.08,422.69,static
option3,2092,64426.67,64857.2,430.53,2422.75,2940.14,517.39,77.18,0,-77.18,2499.94,2940.14,440.2,static
option3,2093,67446.37,67895.24,448.88,2515.24,3051.26,536.02,77.74,0,-77.74,2592.98,3051.26,458.28,static
option3,2094,70501.99,70971.17,469.18,2610.09,3166.77,556.68,78.4,0,-78.4,2688.48,3166.77,478.29,static
option3,2095,73672.29,74162.37,490.08,2711.96,3289.85,577.89,79.03,0,-79.03,2790.99,3289.85,498.86,static
option3,2096,76962.75,77475.12,512.37,2826.6,3427.56,600.96,80.12,0,-80.12,2906.72,3427.56,520.84,static
option3,2097,80321.76,80860.96,539.2,2918.96,3547.24,628.28,80.85,0,-80.85,2999.81,3547.24,547.43,static
option3,2098,84052.84,84615.89,563.04,3034.62,3687.51,652.89,81.85,0,-81.85,3116.47,3687.51,571.04,static
option3,2099,87980.17,88565.45,585.28,3180.04,3856.16,676.12,83.16,0,-83.16,3263.21,3856.16,592.96,static
option3,2100,92025.18,92648.17,622.99,3306.88,4013.68,706.8,83.81,0,-83.81,3390.68,4013.68,622.99,static
option4,2026,2577.12,2613.03,35.91,82.28,111.01,28.73,20.56,27.74,7.18,102.84,138.75,35.91,static
option4,2027,2748.99,2786.15,37.16,89.46,119.41,29.95,21.54,28.75,7.21,111,148.16,37.16,static
option4,2028,2958.92,2997.1,38.18,98.5,129.51,31.01,22.79,29.96,7.17,121.29,159.47,38.18,static
option4,2029,3205.07,3219.22,14.14,109.15,120.67,11.52,24.86,27.48,2.62,134.01,148.15,14.14,static
option4,2030,3432.78,3448.06,15.28,118.84,131.37,12.53,26.05,28.8,2.75,144.88,160.16,15.28,static
option4,2031,3640.49,3656.53,16.05,128.04,141.3,13.26,26.96,29.75,2.79,155.01,171.06,16.05,static
option4,2032,3875.09,3892.1,17.01,138.52,152.67,14.15,28,30.86,2.86,166.52,183.53,17.01,static
option4,2033,4113.22,4131.11,17.89,149.29,164.26,14.97,29.07,31.99,2.92,178.36,196.25,17.89,static
option4,2034,4359.97,4378.22,18.25,160.92,176.29,15.37,30.19,33.07,2.88,191.11,209.36,18.25,static
option4,2035,4594.77,4613.08,18.31,172.97,188.47,15.5,31.32,34.13,2.81,204.29,222.6,18.31,static
option4,2036,4849.4,4902.92,53.53,185.43,231,45.57,32.4,40.36,7.96,217.83,271.36,53.53,static
option4,2037,5094.39,5149.45,55.06,197.95,245.06,47.11,33.41,41.36,7.95,231.36,286.42,55.06,static
option4,2038,5362.51,5418.93,56.42,211.56,260.07,48.51,34.52,42.43,7.91,246.08,302.5,56.42,static
option4,2039,5639.71,5697.51,57.8,225.66,275.59,49.93,35.59,43.46,7.87,261.25,319.05,57.8,static
option4,2040,5932.42,5991.73,59.31,240.06,291.52,51.46,36.64,44.49,7.85,276.7,336.01,59.31,static
option4,2041,6241.13,6301.81,60.68,255.81,308.67,52.86,37.85,45.67,7.82,293.66,354.34,60.68,static
option4,2042,6578.56,6640.32,61.76,272.82,326.84,54.02,39.08,46.82,7.74,311.9,373.66,61.76,static
option4,2043,6897.21,6960.44,63.23,289.43,344.95,55.52,40.16,47.86,7.7,329.6,392.83,63.23,static
option4,2044,7235.47,7300.18,64.71,307.15,364.21,57.06,41.19,48.84,7.65,348.35,413.06,64.71,static
option4,2045,7596.82,7663.81,66.99,324.38,383.61,59.23,42.47,50.23,7.76,366.85,433.84,66.99,static
option4,2046,7970.24,8040.48,70.24,339.55,401.77,62.22,43.75,51.77,8.02,383.3,453.54,70.24,static
option4,2047,8329.4,8403.2,73.81,354.04,419.53,65.49,44.99,53.31,8.32,399.03,472.84,73.81,static
option4,2048,8713.79,8789.36,75.57,371.95,439.18,67.23,46.16,54.5,8.34,418.1,493.67,75.57,static
option4,2049,9115.76,9191.4,75.64,394.15,461.7,67.55,47.23,55.32,8.09,441.38,517.02,75.64,static
option4,2050,9525.64,9601.62,75.98,414.4,482.49,68.09,48.06,55.96,7.9,462.45,538.43,75.98,static
option4,2051,9976.44,10052.02,75.57,439.61,507.6,67.99,49.01,56.59,7.58,488.62,564.19,75.57,static
option4,2052,10461.72,10536.57,74.85,466.95,534.56,67.61,50,57.24,7.24,516.95,591.8,74.85,static
option4,2053,10973.39,11048.48,75.09,497.07,565.16,68.09,51.1,58.1,7,548.17,623.26,75.09,static
option4,2054,11363.99,11454.94,90.96,481.24,564,82.76,47.67,55.87,8.2,528.9,619.86,90.96,static
option4,2055,11896.67,11991.2,94.53,505.83,592.08,86.25,48.53,56.81,8.28,554.37,648.9,94.53,static
option4,2056,12446.73,12545.96,99.23,526.24,617.01,90.77,49.03,57.49,8.46,575.27,674.5,99.23,static
option4,2057,13057.71,13160.82,103.1,553.11,647.68,94.57,49.89,58.42,8.53,603,706.1,103.1,static
option4,2058,13686.6,13793.88,107.27,581.42,680.07,98.65,50.78,59.4,8.62,632.2,739.47,107.27,static
option4,2059,14338.65,14450.15,111.5,611.13,713.94,102.81,51.69,60.39,8.7,662.81,774.31,111.5,static
option4,2060,14976.35,15093.2,116.85,634.7,742.68,107.98,52.13,61,8.87,686.83,803.68,116.85,static
option4,2061,15705.18,15826.55,121.37,666.27,778.69,112.42,53.05,62,8.95,719.32,840.69,121.37,static
option4,2062,16470.14,16595.8,125.65,700.19,816.84,116.65,54.04,63.04,9,754.23,879.88,125.65,static
option4,2063,17206.18,17337.46,131.28,729.45,851.59,122.14,54.59,63.73,9.14,784.04,915.32,131.28,static
option4,2064,18050.42,18186.63,136.21,766.75,893.76,127.01,55.57,64.77,9.2,822.32,958.53,136.21,static
option4,2065,18889.73,19032.1,142.37,798.49,931.51,133.02,56.12,65.47,9.35,854.61,996.98,142.37,static
option4,2066,19826.73,19974.41,147.68,840.18,978.45,138.27,57.2,66.61,9.41,897.37,1045.05,147.68,static
option4,2067,20822.67,20975.88,153.2,882.54,1026.26,143.72,58.21,67.69,9.48,940.75,1093.95,153.2,static
option4,2068,21785.3,21945.66,160.35,918.13,1068.83,150.7,58.78,68.43,9.65,976.91,1137.26,160.35,static
option4,2069,22838.52,23004.86,166.34,963.99,1120.6,156.61,59.86,69.59,9.73,1023.85,1190.19,166.34,static
option4,2070,23875.97,24050.33,174.35,1002.11,1166.54,164.43,60.43,70.35,9.92,1062.54,1236.89,174.35,static
option4,2071,25024.84,25205.91,181.07,1051.77,1222.83,171.06,61.52,71.53,10.01,1113.29,1294.36,181.07,static
option4,2072,26196.94,26384.93,187.99,1103.19,1281.09,177.9,62.59,72.68,10.09,1165.78,1353.77,187.99,static
option4,2073,27363.1,27560.56,197.46,1144.43,1331.58,187.15,63.04,73.35,10.31,1207.47,1404.93,197.46,static
option4,2074,28664.09,28869.91,205.82,1199,1394.38,195.38,64.07,74.51,10.44,1263.08,1468.9,205.82,static
option4,2075,29948.73,30164.95,216.21,1244.07,1449.62,205.55,64.55,75.21,10.66,1308.62,1524.83,216.21,static
option4,2076,31410.37,31635.06,224.69,1304.23,1518.15,213.92,65.68,76.45,10.77,1369.91,1594.6,224.69,static
option4,2077,32808.87,33044.83,235.96,1352.32,1577.26,224.94,66.25,77.27,11.02,1418.57,1654.53,235.96,static
option4,2078,34265.78,34513.61,247.83,1403.56,1640.11,236.55,66.89,78.16,11.27,1470.46,1718.29,247.83,static
option4,2079,35921.98,36179.8,257.82,1471.36,1717.77,246.41,68.1,79.51,11.41,1539.46,1797.28,257.82,static
option4,2080,37478.44,37747.98,269.54,1528.88,1786.81,257.93,68.79,80.4,11.61,1597.67,1867.21,269.54,static
option4,2081,39140.65,39422.42,281.77,1588.39,1858.36,269.97,69.43,81.23,11.8,1657.82,1939.59,281.77,static
option4,2082,40916.55,41210.74,294.19,1650.26,1932.47,282.21,70.05,82.03,11.98,1720.31,2014.5,294.19,static
option4,2083,42794.38,43101.3,306.92,1716.28,2011.05,294.77,70.74,82.89,12.15,1787.02,2093.94,306.92,static
option4,2084,44721.74,45041.97,320.22,1784.56,2092.46,307.9,71.4,83.72,12.32,1855.97,2176.19,320.22,static
option4,2085,46806.81,47139.6,332.79,1857.99,2178.36,320.37,72.01,84.43,12.42,1930.01,2262.8,332.79,static
option4,2086,48843.6,49192.5,348.91,1918.17,2254.42,336.25,72.2,84.86,12.66,1990.37,2339.28,348.91,static
option4,2087,51066.9,51430.5,363.6,1995.56,2346.34,350.78,72.96,85.78,12.82,2068.51,2432.11,363.6,static
option4,2088,53453.23,53831.53,378.3,2078.13,2443.44,365.31,73.9,86.89,12.99,2152.04,2530.34,378.3,static
option4,2089,55870.99,56267.41,396.42,2145.33,2528.49,383.16,74.21,87.46,13.25,2219.55,2615.97,396.42,static
option4,2090,58598.38,59009.8,411.42,2238.95,2636.96,398.01,75.4,88.8,13.4,2314.36,2725.78,411.42,static
option4,2091,61517.28,61943.36,426.08,2340.68,2753.24,412.56,76.7,90.22,13.52,2417.39,2843.47,426.08,static
option4,2092,64426.67,64870.05,443.38,2422.75,2852.44,429.69,77.18,90.87,13.69,2499.94,2943.32,443.38,static
option4,2093,67446.37,67907.69,461.32,2515.24,2962.73,447.49,77.74,91.57,13.83,2592.98,3054.3,461.32,static
option4,2094,70501.99,70983.26,481.27,2610.09,3077.33,467.24,78.4,92.43,14.03,2688.48,3169.75,481.27,static
option4,2095,73672.29,74174.08,501.79,2711.96,3199.54,487.58,79.03,93.24,14.21,2790.99,3292.78,501.79,static
option4,2096,76962.75,77486.45,523.7,2826.6,3335.86,509.26,80.12,94.56,14.44,2906.72,3430.42,523.7,static
option4,2097,80321.76,80872.02,550.26,2918.96,3454.39,535.43,80.85,95.68,14.83,2999.81,3550.07,550.26,static
option4,2098,84052.84,84626.53,573.69,3034.62,3593.24,558.62,81.85,96.92,15.07,3116.47,3690.16,573.69,static
option4,2099,87980.17,88575.65,595.48,3180.04,3760.34,580.3,83.16,98.34,15.18,3263.21,3858.69,595.48,static
option4,2100,92025.18,92648.17,622.99,3306.88,3914.47,607.59,83.81,99.21,15.4,3390.68,4013.67,622.99,static
option5,2026,2577.12,2647.86,70.74,82.28,0,-82.28,20.56,0,-20.56,102.84,0,-102.84,static
option5,2027,2748.99,2821.94,72.95,89.46,0,-89.46,21.54,0,-21.54,111,0,-111,static
option5,2028,2958.92,3032.48,73.56,98.5,0,-98.5,22.79,0,-22.79,121.29,0,-121.29,static
option5,2029,3205.07,3277,71.93,109.15,0,-109.15,24.86,0,-24.86,134.01,0,-134.01,static
option5,2030,3432.78,3507.04,74.26,118.84,0,-118.84,26.05,0,-26.05,144.88,0,-144.88,static
option5,2031,3640.49,3716.08,75.59,128.04,0,-128.04,26.96,0,-26.96,155.01,0,-155.01,static
option5,2032,3875.09,3951.54,76.45,138.52,0,-138.52,28,0,-28,166.52,0,-166.52,static
option5,2033,4113.22,4190.07,76.86,149.29,0,-149.29,29.07,0,-29.07,178.36,0,-178.36,static
option5,2034,4359.97,4436.65,76.68,160.92,0,-160.92,30.19,0,-30.19,191.11,0,-191.11,static
option5,2035,4594.77,4670.91,76.14,172.97,0,-172.97,31.32,0,-31.32,204.29,0,-204.29,static
option5,2036,4849.4,4925.03,75.63,185.43,0,-185.43,32.4,0,-32.4,217.83,0,-217.83,static
option5,2037,5094.39,5169.69,75.3,197.95,0,-197.95,33.41,0,-33.41,231.36,0,-231.36,static
option5,2038,5362.51,5436.98,74.47,211.56,0,-211.56,34.52,0,-34.52,246.08,0,-246.08,static
option5,2039,5639.71,5713.92,74.21,225.66,0,-225.66,35.59,0,-35.59,261.25,0,-261.25,static
option5,2040,5932.42,6006.07,73.66,240.06,0,-240.06,36.64,0,-36.64,276.7,0,-276.7,static
option5,2041,6241.13,6313.73,72.6,255.81,0,-255.81,37.85,0,-37.85,293.66,0,-293.66,static
option5,2042,6578.56,6650.25,71.69,272.82,0,-272.82,39.08,0,-39.08,311.9,0,-311.9,static
option5,2043,6897.21,6968.92,71.71,289.43,0,-289.43,40.16,0,-40.16,329.6,0,-329.6,static
option5,2044,7235.47,7306.16,70.69,307.15,0,-307.15,41.19,0,-41.19,348.35,0,-348.35,static
option5,2045,7596.82,7667.55,70.73,324.38,0,-324.38,42.47,0,-42.47,366.85,0,-366.85,static
option5,2046,7970.24,8044.39,74.15,339.55,0,-339.55,43.75,0,-43.75,383.3,0,-383.3,static
option5,2047,8329.4,8409.35,79.95,354.04,0,-354.04,44.99,0,-44.99,399.03,0,-399.03,static
option5,2048,8713.79,8797.34,83.55,371.95,0,-371.95,46.16,0,-46.16,418.1,0,-418.1,static
option5,2049,9115.76,9199.45,83.69,394.15,0,-394.15,47.23,0,-47.23,441.38,0,-441.38,static
option5,2050,9525.64,9612.4,86.77,414.4,0,-414.4,48.06,0,-48.06,462.45,0,-462.45,static
option5,2051,9976.44,10061.19,84.75,439.61,0,-439.61,49.01,0,-49.01,488.62,0,-488.62,static
option5,2052,10461.72,10543.04,81.33,466.95,0,-466.95,50,0,-50,516.95,0,-516.95,static
option5,2053,10973.39,11049.27,75.88,497.07,0,-497.07,51.1,0,-51.1,548.17,0,-548.17,static
option5,2054,11363.99,11485.95,121.96,481.24,0,-481.24,47.67,0,-47.67,528.9,0,-528.9,static
option5,2055,11896.67,12021.91,125.24,505.83,0,-505.83,48.53,0,-48.53,554.37,0,-554.37,static
option5,2056,12446.73,12581.65,134.92,526.24,0,-526.24,49.03,0,-49.03,575.27,0,-575.27,static
option5,2057,13057.71,13196.09,138.38,553.11,0,-553.11,49.89,0,-49.89,603,0,-603,static
option5,2058,13686.6,13828.03,141.43,581.42,0,-581.42,50.78,0,-50.78,632.2,0,-632.2,static
option5,2059,14338.65,14482.4,143.75,611.13,0,-611.13,51.69,0,-51.69,662.81,0,-662.81,static
option5,2060,14976.35,15130.7,154.35,634.7,0,-634.7,52.13,0,-52.13,686.83,0,-686.83,static
option5,2061,15705.18,15862.76,157.57,666.27,0,-666.27,53.05,0,-53.05,719.32,0,-719.32,static
option5,2062,16470.14,16630.76,160.61,700.19,0,-700.19,54.04,0,-54.04,754.23,0,-754.23,static
option5,2063,17206.18,17376.61,170.43,729.45,0,-729.45,54.59,0,-54.59,784.04,0,-784.04,static
option5,2064,18050.42,18223.27,172.84,766.75,0,-766.75,55.57,0,-55.57,822.32,0,-822.32,static
option5,2065,18889.73,19072.85,183.12,798.49,0,-798.49,56.12,0,-56.12,854.61,0,-854.61,static
option5,2066,19826.73,20011.67,184.94,840.18,0,-840.18,57.2,0,-57.2,897.37,0,-897.37,static
option5,2067,20822.67,21010.92,188.25,882.54,0,-882.54,58.21,0,-58.21,940.75,0,-940.75,static
option5,2068,21785.3,21987.6,202.3,918.13,0,-918.13,58.78,0,-58.78,976.91,0,-976.91,static
option5,2069,22838.52,23047.91,209.4,963.99,0,-963.99,59.86,0,-59.86,1023.85,0,-1023.85,static
option5,2070,23875.97,24104.1,228.12,1002.11,0,-1002.11,60.43,0,-60.43,1062.54,0,-1062.54,static
option5,2071,25024.84,25259.72,234.88,1051.77,0,-1051.77,61.52,0,-61.52,1113.29,0,-1113.29,static
option5,2072,26196.94,26437.77,240.82,1103.19,0,-1103.19,62.59,0,-62.59,1165.78,0,-1165.78,static
option5,2073,27363.1,27620.95,257.84,1144.43,0,-1144.43,63.04,0,-63.04,1207.47,0,-1207.47,static
option5,2074,28664.09,28926.96,262.87,1199,0,-1199,64.07,0,-64.07,1263.08,0,-1263.08,static
option5,2075,29948.73,30230.43,281.7,1244.07,0,-1244.07,64.55,0,-64.55,1308.62,0,-1308.62,static
option5,2076,31410.37,31699.08,288.71,1304.23,0,-1304.23,65.68,0,-65.68,1369.91,0,-1369.91,static
option5,2077,32808.87,33120.85,311.98,1352.32,0,-1352.32,66.25,0,-66.25,1418.57,0,-1418.57,static
option5,2078,34265.78,34601.9,336.12,1403.56,0,-1403.56,66.89,0,-66.89,1470.46,0,-1470.46,static
option5,2079,35921.98,36267.09,345.12,1471.36,0,-1471.36,68.1,0,-68.1,1539.46,0,-1539.46,static
option5,2080,37478.44,37847.87,369.43,1528.88,0,-1528.88,68.79,0,-68.79,1597.67,0,-1597.67,static
option5,2081,39140.65,39537.43,396.78,1588.39,0,-1588.39,69.43,0,-69.43,1657.82,0,-1657.82,static
option5,2082,40916.55,41341.9,425.35,1650.26,0,-1650.26,70.05,0,-70.05,1720.31,0,-1720.31,static
option5,2083,42794.38,43249.72,455.34,1716.28,0,-1716.28,70.74,0,-70.74,1787.02,0,-1787.02,static
option5,2084,44721.74,45207.9,486.16,1784.56,0,-1784.56,71.4,0,-71.4,1855.97,0,-1855.97,static
option5,2085,46806.81,47321.98,515.17,1857.99,0,-1857.99,72.01,0,-72.01,1930.01,0,-1930.01,static
option5,2086,48843.6,49408.18,564.59,1918.17,0,-1918.17,72.2,0,-72.2,1990.37,0,-1990.37,static
option5,2087,51066.9,51668.33,601.43,1995.56,0,-1995.56,72.96,0,-72.96,2068.51,0,-2068.51,static
option5,2088,53453.23,54091.08,637.85,2078.13,0,-2078.13,73.9,0,-73.9,2152.04,0,-2152.04,static
option5,2089,55870.99,56567.88,696.9,2145.33,0,-2145.33,74.21,0,-74.21,2219.55,0,-2219.55,static
option5,2090,58598.38,59334.37,736,2238.95,0,-2238.95,75.4,0,-75.4,2314.36,0,-2314.36,static
option5,2091,61517.28,62287.15,769.87,2340.68,0,-2340.68,76.7,0,-76.7,2417.39,0,-2417.39,static
option5,2092,64426.67,65253.73,827.06,2422.75,0,-2422.75,77.18,0,-77.18,2499.94,0,-2499.94,static
option5,2093,67446.37,68325.26,878.89,2515.24,0,-2515.24,77.74,0,-77.74,2592.98,0,-2592.98,static
option5,2094,70501.99,71436.25,934.25,2610.09,0,-2610.09,78.4,0,-78.4,2688.48,0,-2688.48,static
option5,2095,73672.29,74660.07,987.78,2711.96,0,-2711.96,79.03,0,-79.03,2790.99,0,-2790.99,static
option5,2096,76962.75,78004.32,1041.57,2826.6,0,-2826.6,80.12,0,-80.12,2906.72,0,-2906.72,static
option5,2097,80321.76,81449.59,1127.82,2918.96,0,-2918.96,80.85,0,-80.85,2999.81,0,-2999.81,static
option5,2098,84052.84,85246.17,1193.33,3034.62,0,-3034.62,81.85,0,-81.85,3116.47,0,-3116.47,static
option5,2099,87980.17,89212.85,1232.68,3180.04,0,-3180.04,83.16,0,-83.16,3263.21,0,-3263.21,static
option5,2100,92025.18,93321.76,1296.58,3306.88,0,-3306.88,83.81,0,-83.81,3390.68,0,-3390.68,static
option6,2026,2577.12,2599.65,22.53,82.28,82.46,0.18,20.56,20.61,0.06,102.84,103.08,0.24,static
option6,2027,2748.99,2796.96,47.97,89.46,89.84,0.38,21.54,21.65,0.11,111,111.49,0.49,static
option6,2028,2958.92,3035.24,76.32,98.5,99.05,0.55,22.79,22.95,0.16,121.29,122,0.71,static
option6,2029,3205.07,3307.65,102.58,109.15,92.07,-17.08,24.86,37.69,12.83,134.01,129.76,-4.25,static
option6,2030,3432.78,3560.53,127.75,118.84,93.78,-25.06,26.05,36.67,10.62,144.88,130.45,-14.43,static
option6,2031,3640.49,3795.09,154.61,128.04,94.19,-33.85,26.96,35.06,8.1,155.01,129.25,-25.76,static
option6,2032,3875.09,4058.47,183.38,138.52,94.49,-44.03,28,33.38,5.38,166.52,127.88,-38.65,static
option6,2033,4113.22,4315.27,202.05,149.29,93.83,-55.46,29.07,31.37,2.29,178.36,125.2,-53.17,static
option6,2034,4359.97,4558.41,198.44,160.92,92.77,-68.15,30.19,28.99,-1.2,191.11,121.76,-69.35,static
option6,2035,4594.77,4787.82,193.05,172.97,90.99,-81.99,31.32,25.93,-5.39,204.29,116.91,-87.37,static
option6,2036,4849.4,5035.64,186.24,185.43,89.28,-96.15,32.4,21.34,-11.06,217.83,110.61,-107.21,static
option6,2037,5094.39,5272.17,177.79,197.95,89.64,-108.31,33.41,12.84,-20.57,231.36,102.48,-128.88,static
option6,2038,5362.51,5529.87,167.36,211.56,92.88,-118.68,34.52,0,-34.52,246.08,92.88,-153.2,static
option6,2039,5639.71,5797.83,158.11,225.66,83.91,-141.75,35.59,0,-35.59,261.25,83.91,-177.34,static
option6,2040,5932.42,6079.58,147.16,240.06,73.5,-166.56,36.64,0,-36.64,276.7,73.5,-203.2,static
option6,2041,6241.13,6375.36,134.23,255.81,61.63,-194.18,37.85,0,-37.85,293.66,61.63,-232.03,static
option6,2042,6578.56,6698.56,120,272.82,48.31,-224.51,39.08,0,-39.08,311.9,48.31,-263.59,static
option6,2043,6897.21,7002.45,105.24,289.43,33.53,-255.9,40.16,0,-40.16,329.6,33.53,-296.07,static
option6,2044,7235.47,7323.72,88.25,307.15,17.56,-289.59,41.19,0,-41.19,348.35,17.57,-330.78,static
option6,2045,7596.82,7667.55,70.73,324.38,0,-324.38,42.47,0,-42.47,366.85,0,-366.85,static
option6,2046,7970.24,8044.39,74.15,339.55,0,-339.55,43.75,0,-43.75,383.3,0,-383.3,static
option6,2047,8329.4,8409.35,79.95,354.04,0,-354.04,44.99,0,-44.99,399.03,0,-399.03,static
option6,2048,8713.79,8797.34,83.55,371.95,0,-371.95,46.16,0,-46.16,418.1,0,-418.1,static
option6,2049,9115.76,9199.45,83.69,394.15,0,-394.15,47.23,0,-47.23,441.38,0,-441.38,static
option6,2050,9525.64,9612.4,86.77,414.4,0,-414.4,48.06,0,-48.06,462.45,0,-462.45,static
option6,2051,9976.44,10061.19,84.75,439.61,0,-439.61,49.01,0,-49.01,488.62,0,-488.62,static
option6,2052,10461.72,10543.04,81.33,466.95,0,-466.95,50,0,-50,516.95,0,-516.95,static
option6,2053,10973.39,11049.27,75.88,497.07,0,-497.07,51.1,0,-51.1,548.17,0,-548.17,static
option6,2054,11363.99,11485.95,121.96,481.24,0,-481.24,47.67,0,-47.67,528.9,0,-528.9,static
option6,2055,11896.67,12021.91,125.24,505.83,0,-505.83,48.53,0,-48.53,554.37,0,-554.37,static
option6,2056,12446.73,12581.65,134.92,526.24,0,-526.24,49.03,0,-49.03,575.27,0,-575.27,static
option6,2057,13057.71,13196.09,138.38,553.11,0,-553.11,49.89,0,-49.89,603,0,-603,static
option6,2058,13686.6,13828.03,141.43,581.42,0,-581.42,50.78,0,-50.78,632.2,0,-632.2,static
option6,2059,14338.65,14482.4,143.75,611.13,0,-611.13,51.69,0,-51.69,662.81,0,-662.81,static
option6,2060,14976.35,15130.7,154.35,634.7,0,-634.7,52.13,0,-52.13,686.83,0,-686.83,static
option6,2061,15705.18,15862.76,157.57,666.27,0,-666.27,53.05,0,-53.05,719.32,0,-719.32,static
option6,2062,16470.14,16630.76,160.61,700.19,0,-700.19,54.04,0,-54.04,754.23,0,-754.23,static
option6,2063,17206.18,17376.61,170.43,729.45,0,-729.45,54.59,0,-54.59,784.04,0,-784.04,static
option6,2064,18050.42,18223.27,172.84,766.75,0,-766.75,55.57,0,-55.57,822.32,0,-822.32,static
option6,2065,18889.73,19072.85,183.12,798.49,0,-798.49,56.12,0,-56.12,854.61,0,-854.61,static
option6,2066,19826.73,20011.67,184.94,840.18,0,-840.18,57.2,0,-57.2,897.37,0,-897.37,static
option6,2067,20822.67,21010.92,188.25,882.54,0,-882.54,58.21,0,-58.21,940.75,0,-940.75,static
option6,2068,21785.3,21987.6,202.3,918.13,0,-918.13,58.78,0,-58.78,976.91,0,-976.91,static
option6,2069,22838.52,23047.91,209.4,963.99,0,-963.99,59.86,0,-59.86,1023.85,0,-1023.85,static
option6,2070,23875.97,24104.1,228.12,1002.11,0,-1002.11,60.43,0,-60.43,1062.54,0,-1062.54,static
option6,2071,25024.84,25259.72,234.88,1051.77,0,-1051.77,61.52,0,-61.52,1113.29,0,-1113.29,static
option6,2072,26196.94,26437.77,240.82,1103.19,0,-1103.19,62.59,0,-62.59,1165.78,0,-1165.78,static
option6,2073,27363.1,27620.95,257.84,1144.43,0,-1144.43,63.04,0,-63.04,1207.47,0,-1207.47,static
option6,2074,28664.09,28926.96,262.87,1199,0,-1199,64.07,0,-64.07,1263.08,0,-1263.08,static
option6,2075,29948.73,30230.43,281.7,1244.07,0,-1244.07,64.55,0,-64.55,1308.62,0,-1308.62,static
option6,2076,31410.37,31699.08,288.71,1304.23,0,-1304.23,65.68,0,-65.68,1369.91,0,-1369.91,static
option6,2077,32808.87,33120.85,311.98,1352.32,0,-1352.32,66.25,0,-66.25,1418.57,0,-1418.57,static
option6,2078,34265.78,34601.9,336.12,1403.56,0,-1403.56,66.89,0,-66.89,1470.46,0,-1470.46,static
option6,2079,35921.98,36267.09,345.12,1471.36,0,-1471.36,68.1,0,-68.1,1539.46,0,-1539.46,static
option6,2080,37478.44,37847.87,369.43,1528.88,0,-1528.88,68.79,0,-68.79,1597.67,0,-1597.67,static
option6,2081,39140.65,39537.43,396.78,1588.39,0,-1588.39,69.43,0,-69.43,1657.82,0,-1657.82,static
option6,2082,40916.55,41341.9,425.35,1650.26,0,-1650.26,70.05,0,-70.05,1720.31,0,-1720.31,static
option6,2083,42794.38,43249.72,455.34,1716.28,0,-1716.28,70.74,0,-70.74,1787.02,0,-1787.02,static
option6,2084,44721.74,45207.9,486.16,1784.56,0,-1784.56,71.4,0,-71.4,1855.97,0,-1855.97,static
option6,2085,46806.81,47321.98,515.17,1857.99,0,-1857.99,72.01,0,-72.01,1930.01,0,-1930.01,static
option6,2086,48843.6,49408.18,564.59,1918.17,0,-1918.17,72.2,0,-72.2,1990.37,0,-1990.37,static
option6,2087,51066.9,51668.33,601.43,1995.56,0,-1995.56,72.96,0,-72.96,2068.51,0,-2068.51,static
option6,2088,53453.23,54091.08,637.85,2078.13,0,-2078.13,73.9,0,-73.9,2152.04,0,-2152.04,static
option6,2089,55870.99,56567.88,696.9,2145.33,0,-2145.33,74.21,0,-74.21,2219.55,0,-2219.55,static
option6,2090,58598.38,59334.37,736,2238.95,0,-2238.95,75.4,0,-75.4,2314.36,0,-2314.36,static
option6,2091,61517.28,62287.15,769.87,2340.68,0,-2340.68,76.7,0,-76.7,2417.39,0,-2417.39,static
option6,2092,64426.67,65253.73,827.06,2422.75,0,-2422.75,77.18,0,-77.18,2499.94,0,-2499.94,static
option6,2093,67446.37,68325.26,878.89,2515.24,0,-2515.24,77.74,0,-77.74,2592.98,0,-2592.98,static
option6,2094,70501.99,71436.25,934.25,2610.09,0,-2610.09,78.4,0,-78.4,2688.48,0,-2688.48,static
option6,2095,73672.29,74660.07,987.78,2711.96,0,-2711.96,79.03,0,-79.03,2790.99,0,-2790.99,static
option6,2096,76962.75,78004.32,1041.57,2826.6,0,-2826.6,80.12,0,-80.12,2906.72,0,-2906.72,static
option6,2097,80321.76,81449.59,1127.82,2918.96,0,-2918.96,80.85,0,-80.85,2999.81,0,-2999.81,static
option6,2098,84052.84,85246.17,1193.33,3034.62,0,-3034.62,81.85,0,-81.85,3116.47,0,-3116.47,static
option6,2099,87980.17,89212.85,1232.68,3180.04,0,-3180.04,83.16,0,-83.16,3263.21,0,-3263.21,static
option6,2100,92025.18,93321.76,1296.58,3306.88,0,-3306.88,83.81,0,-83.81,3390.68,0,-3390.68,static
option7,2026,2577.12,2600.95,23.83,82.28,84.49,2.21,20.56,21.66,1.11,102.84,106.15,3.31,static
option7,2027,2748.99,2773.45,24.46,89.46,91.84,2.39,21.54,22.67,1.13,111,114.51,3.51,static
option7,2028,2958.92,2983.8,24.88,98.5,100.94,2.44,22.79,23.88,1.08,121.29,124.82,3.52,static
option7,2029,3205.07,3205.07,0,109.15,109.15,0,24.86,24.86,0,134.01,134.01,0,static
option7,2030,3432.78,3432.78,0,118.84,118.84,0,26.05,26.05,0,144.88,144.88,0,static
option7,2031,3640.49,3640.49,0,128.04,128.04,0,26.96,26.96,0,155.01,155.01,0,static
option7,2032,3875.09,3875.09,0,138.52,138.52,0,28,28,0,166.52,166.52,0,static
option7,2033,4113.22,4113.22,0,149.29,149.29,0,29.07,29.07,0,178.36,178.36,0,static
option7,2034,4359.97,4359.97,0,160.92,160.92,0,30.19,30.19,0,191.11,191.11,0,static
option7,2035,4594.77,4594.77,0,172.97,172.97,0,31.32,31.32,0,204.29,204.29,0,static
option7,2036,4849.4,4849.4,0,185.43,185.43,0,32.4,32.4,0,217.83,217.83,0,static
option7,2037,5094.39,5094.39,0,197.95,197.95,0,33.41,33.41,0,231.36,231.36,0,static
option7,2038,5362.51,5362.51,0,211.56,211.56,0,34.52,34.52,0,246.08,246.08,0,static
option7,2039,5639.71,5639.71,0,225.66,225.66,0,35.59,35.59,0,261.25,261.25,0,static
option7,2040,5932.42,5932.42,0,240.06,240.06,0,36.64,36.64,0,276.7,276.7,0,static
option7,2041,6241.13,6241.13,0,255.81,255.81,0,37.85,37.85,0,293.66,293.66,0,static
option7,2042,6578.56,6578.56,0,272.82,272.82,0,39.08,39.08,0,311.9,311.9,0,static
option7,2043,6897.21,6897.21,0,289.43,289.43,0,40.16,40.16,0,329.6,329.6,0,static
option7,2044,7235.47,7235.47,0,307.15,307.15,0,41.19,41.19,0,348.35,348.35,0,static
option7,2045,7596.82,7596.82,0,324.38,324.38,0,42.47,42.47,0,366.85,366.85,0,static
option7,2046,7970.24,7970.24,0,339.55,339.55,0,43.75,43.75,0,383.3,383.3,0,static
option7,2047,8329.4,8329.4,0,354.04,354.04,0,44.99,44.99,0,399.03,399.03,0,static
option7,2048,8713.79,8713.79,0,371.95,371.95,0,46.16,46.16,0,418.1,418.1,0,static
option7,2049,9115.76,9115.76,0,394.15,394.15,0,47.23,47.23,0,441.38,441.38,0,static
option7,2050,9525.64,9525.64,0,414.4,414.4,0,48.06,48.06,0,462.45,462.45,0,static
option7,2051,9976.44,9976.44,0,439.61,439.61,0,49.01,49.01,0,488.62,488.62,0,static
option7,2052,10461.72,10461.72,0,466.95,466.95,0,50,50,0,516.95,516.95,0,static
option7,2053,10973.39,10973.39,0,497.07,497.07,0,51.1,51.1,0,548.17,548.17,0,static
option7,2054,11363.99,11363.99,0,481.24,481.24,0,47.67,47.67,0,528.9,528.9,0,static
option7,2055,11896.67,11896.67,0,505.83,505.83,0,48.53,48.53,0,554.37,554.37,0,static
option7,2056,12446.73,12446.73,0,526.24,526.24,0,49.03,49.03,0,575.27,575.27,0,static
option7,2057,13057.71,13057.71,0,553.11,553.11,0,49.89,49.89,0,603,603,0,static
option7,2058,13686.6,13686.6,0,581.42,581.42,0,50.78,50.78,0,632.2,632.2,0,static
option7,2059,14338.65,14338.65,0,611.13,611.13,0,51.69,51.69,0,662.81,662.81,0,static
option7,2060,14976.35,14976.35,0,634.7,634.7,0,52.13,52.13,0,686.83,686.83,0,static
option7,2061,15705.18,15705.18,0,666.27,666.27,0,53.05,53.05,0,719.32,719.32,0,static
option7,2062,16470.14,16470.14,0,700.19,700.19,0,54.04,54.04,0,754.23,754.23,0,static
option7,2063,17206.18,17206.18,0,729.45,729.45,0,54.59,54.59,0,784.04,784.04,0,static
option7,2064,18050.42,18050.42,0,766.75,766.75,0,55.57,55.57,0,822.32,822.32,0,static
option7,2065,18889.73,18889.73,0,798.49,798.49,0,56.12,56.12,0,854.61,854.61,0,static
option7,2066,19826.73,19826.73,0,840.18,840.18,0,57.2,57.2,0,897.37,897.37,0,static
option7,2067,20822.67,20822.67,0,882.54,882.54,0,58.21,58.21,0,940.75,940.75,0,static
option7,2068,21785.3,21785.3,0,918.13,918.13,0,58.78,58.78,0,976.91,976.91,0,static
option7,2069,22838.52,22838.52,0,963.99,963.99,0,59.86,59.86,0,1023.85,1023.85,0,static
option7,2070,23875.97,23875.97,0,1002.11,1002.11,0,60.43,60.43,0,1062.54,1062.54,0,static
option7,2071,25024.84,25024.84,0,1051.77,1051.77,0,61.52,61.52,0,1113.29,1113.29,0,static
option7,2072,26196.94,26196.94,0,1103.19,1103.19,0,62.59,62.59,0,1165.78,1165.78,0,static
option7,2073,27363.1,27363.1,0,1144.43,1144.43,0,63.04,63.04,0,1207.47,1207.47,0,static
option7,2074,28664.09,28664.09,0,1199,1199,0,64.07,64.07,0,1263.08,1263.08,0,static
option7,2075,29948.73,29948.73,0,1244.07,1244.07,0,64.55,64.55,0,1308.62,1308.62,0,static
option7,2076,31410.37,31410.37,0,1304.23,1304.23,0,65.68,65.68,0,1369.91,1369.91,0,static
option7,2077,32808.87,32808.87,0,1352.32,1352.32,0,66.25,66.25,0,1418.57,1418.57,0,static
option7,2078,34265.78,34265.78,0,1403.56,1403.56,0,66.89,66.89,0,1470.46,1470.46,0,static
option7,2079,35921.98,35921.98,0,1471.36,1471.36,0,68.1,68.1,0,1539.46,1539.46,0,static
option7,2080,37478.44,37478.44,0,1528.88,1528.88,0,68.79,68.79,0,1597.67,1597.67,0,static
option7,2081,39140.65,39140.65,0,1588.39,1588.39,0,69.43,69.43,0,1657.82,1657.82,0,static
option7,2082,40916.55,40916.55,0,1650.26,1650.26,0,70.05,70.05,0,1720.31,1720.31,0,static
option7,2083,42794.38,42794.38,0,1716.28,1716.28,0,70.74,70.74,0,1787.02,1787.02,0,static
option7,2084,44721.74,44721.74,0,1784.56,1784.56,0,71.4,71.4,0,1855.97,1855.97,0,static
option7,2085,46806.81,46806.81,0,1857.99,1857.99,0,72.01,72.01,0,1930.01,1930.01,0,static
option7,2086,48843.6,48843.6,0,1918.17,1918.17,0,72.2,72.2,0,1990.37,1990.37,0,static
option7,2087,51066.9,51066.9,0,1995.56,1995.56,0,72.96,72.96,0,2068.51,2068.51,0,static
option7,2088,53453.23,53453.23,0,2078.13,2078.13,0,73.9,73.9,0,2152.04,2152.04,0,static
option7,2089,55870.99,55870.99,0,2145.33,2145.33,0,74.21,74.21,0,2219.55,2219.55,0,static
option7,2090,58598.38,58598.38,0,2238.95,2238.95,0,75.4,75.4,0,2314.36,2314.36,0,static
option7,2091,61517.28,61517.28,0,2340.68,2340.68,0,76.7,76.7,0,2417.39,2417.39,0,static
option7,2092,64426.67,64426.67,0,2422.75,2422.75,0,77.18,77.18,0,2499.94,2499.94,0,static
option7,2093,67446.37,67446.37,0,2515.24,2515.24,0,77.74,77.74,0,2592.98,2592.98,0,static
option7,2094,70501.99,70501.99,0,2610.09,2610.09,0,78.4,78.4,0,2688.48,2688.48,0,static
option7,2095,73672.29,73672.29,0,2711.96,2711.96,0,79.03,79.03,0,2790.99,2790.99,0,static
option7,2096,76962.75,76962.75,0,2826.6,2826.6,0,80.12,80.12,0,2906.72,2906.72,0,static
option7,2097,80321.76,80321.76,0,2918.96,2918.96,0,80.85,80.85,0,2999.81,2999.81,0,static
option7,2098,84052.84,84052.84,0,3034.62,3034.62,0,81.85,81.85,0,3116.47,3116.47,0,static
option7,2099,87980.17,87980.17,0,3180.04,3180.04,0,83.16,83.16,0,3263.21,3263.21,0,static
option7,2100,92025.18,92025.18,0,3306.88,3306.88,0,83.81,83.81,0,3390.68,3390.68,0,static
option8,2026,2577.12,2637.05,59.93,82.28,130.23,47.95,20.56,32.54,11.98,102.84,162.77,59.93,static
option8,2027,2748.99,2812.77,63.78,89.46,140.86,51.4,21.54,33.92,12.38,111,174.78,63.78,static
option8,2028,2958.92,3026.62,67.7,98.5,153.48,54.98,22.79,35.51,12.72,121.29,188.99,67.7,static
option8,2029,3205.07,3289.37,84.3,109.15,177.81,68.66,24.86,40.5,15.64,134.01,218.31,84.3,static
option8,2030,3432.78,3522.21,89.43,118.84,192.2,73.36,26.05,42.13,16.08,144.88,234.31,89.43,static
option8,2031,3640.49,3734.51,94.02,128.04,205.7,77.66,26.96,43.31,16.35,155.01,249.03,94.02,static
option8,2032,3875.09,3973.89,98.79,138.52,220.7,82.18,28,44.61,16.61,166.52,265.31,98.79,static
option8,2033,4113.22,4216.55,103.33,149.29,235.78,86.49,29.07,45.91,16.84,178.36,281.69,103.33,static
option8,2034,4359.97,4467.3,107.33,160.92,251.29,90.37,30.19,47.15,16.96,191.11,298.44,107.33,static
option8,2035,4594.77,4705.71,110.94,172.97,266.9,93.93,31.32,48.33,17.01,204.29,315.23,110.94,static
option8,2036,4849.4,4964.95,115.55,185.43,283.79,98.36,32.4,49.59,17.19,217.83,333.38,115.55,static
option8,2037,5094.39,5214.53,120.14,197.95,300.74,102.79,33.41,50.76,17.35,231.36,351.5,120.14,static
option8,2038,5362.51,5487.35,124.84,211.56,318.89,107.33,34.52,52.03,17.51,246.08,370.92,124.84,static
option8,2039,5639.71,5770.36,130.64,225.66,338.5,112.84,35.59,53.39,17.8,261.25,391.89,130.64,static
option8,2040,5932.42,6069.06,136.64,240.06,358.61,118.55,36.64,54.73,18.09,276.7,413.34,136.64,static
option8,2041,6241.13,6382.91,141.78,255.81,379.32,123.51,37.85,56.12,18.27,293.66,435.44,141.78,static
option8,2042,6578.56,6724.81,146.25,272.82,400.75,127.93,39.08,57.4,18.32,311.9,458.15,146.25,static
option8,2043,6897.21,7049.29,152.07,289.43,422.97,133.54,40.16,58.69,18.53,329.6,481.67,152.07,static
option8,2044,7235.47,7393.09,157.61,307.15,446.12,138.97,41.19,59.83,18.64,348.35,505.96,157.61,static
option8,2045,7596.82,7760.95,164.13,324.38,469.51,145.13,42.47,61.47,19,366.85,530.98,164.13,static
option8,2046,7970.24,8141.28,171.04,339.55,491.07,151.52,43.75,63.27,19.52,383.3,554.34,171.04,static
option8,2047,8329.4,8507.57,178.17,354.04,512.12,158.08,44.99,65.08,20.09,399.03,577.2,178.17,static
option8,2048,8713.79,8897.92,184.13,371.95,535.76,163.81,46.16,66.49,20.33,418.1,602.23,184.13,static
option8,2049,9115.76,9304.67,188.92,394.15,562.85,168.7,47.23,67.45,20.22,441.38,630.3,188.92,static
option8,2050,9525.64,9719.31,193.68,414.4,587.96,173.56,48.06,68.19,20.13,462.45,656.13,193.68,static
option8,2051,9976.44,10175.25,198.81,439.61,618.48,178.87,49.01,68.95,19.94,488.62,687.43,198.81,static
option8,2052,10461.72,10666.36,204.64,466.95,651.8,184.85,50,69.79,19.79,516.95,721.59,204.64,static
option8,2053,10973.39,11186.21,212.81,497.07,690.04,192.97,51.1,70.94,19.84,548.17,760.98,212.81,static
option8,2054,11363.99,11595.62,231.63,481.24,692,210.76,47.67,68.55,20.88,528.9,760.53,231.63,static
option8,2055,11896.67,12138.29,241.62,505.83,726.29,220.46,48.53,69.68,21.15,554.37,795.99,241.62,static
option8,2056,12446.73,12699.19,252.46,526.24,757.18,230.94,49.03,70.55,21.52,575.27,827.73,252.46,static
option8,2057,13057.71,13321.49,263.77,553.11,795.06,241.95,49.89,71.71,21.82,603,866.77,263.77,static
option8,2058,13686.6,13962.21,275.61,581.42,834.89,253.47,50.78,72.92,22.14,632.2,907.81,275.61,static
option8,2059,14338.65,14626.37,287.71,611.13,876.41,265.28,51.69,74.13,22.44,662.81,950.52,287.71,static
option8,2060,14976.35,15276.42,300.06,634.7,911.99,277.29,52.13,74.9,22.77,686.83,986.89,300.06,static
option8,2061,15705.18,16017.94,312.76,666.27,955.96,289.69,53.05,76.12,23.07,719.32,1032.08,312.76,static
option8,2062,16470.14,16795.78,325.63,700.19,1002.49,302.3,54.04,77.37,23.33,754.23,1079.86,325.63,static
option8,2063,17206.18,17545.7,339.52,729.45,1045.33,315.88,54.59,78.23,23.64,784.04,1123.56,339.52,static
option8,2064,18050.42,18404.11,353.69,766.75,1096.54,329.79,55.57,79.47,23.9,822.32,1176.01,353.69,static
option8,2065,18889.73,19258.52,368.79,798.49,1143.06,344.57,56.12,80.34,24.22,854.61,1223.4,368.79,static
option8,2066,19826.73,20211.41,384.68,840.18,1200.34,360.16,57.2,81.72,24.52,897.37,1282.05,384.68,static
option8,2067,20822.67,21223.99,401.31,882.54,1259.02,376.48,58.21,83.04,24.83,940.75,1342.06,401.31,static
option8,2068,21785.3,22204.12,418.82,918.13,1311.75,393.62,58.78,83.98,25.2,976.91,1395.73,418.82,static
option8,2069,22838.52,23275.36,436.85,963.99,1375.3,411.31,59.86,85.4,25.54,1023.85,1460.7,436.85,static
option8,2070,23875.97,24332.44,456.46,1002.11,1432.61,430.5,60.43,86.39,25.96,1062.54,1519,456.46,static
option8,2071,25024.84,25500.76,475.91,1051.77,1501.38,449.61,61.52,87.82,26.3,1113.29,1589.2,475.91,static
option8,2072,26196.94,26692.78,495.84,1103.19,1572.41,469.22,62.59,89.21,26.62,1165.78,1661.62,495.84,static
option8,2073,27363.1,27879.67,516.56,1144.43,1634.02,489.59,63.04,90.01,26.97,1207.47,1724.03,516.56,static
option8,2074,28664.09,29203.28,539.19,1199,1710.84,511.84,64.07,91.42,27.35,1263.08,1802.27,539.19,static
option8,2075,29948.73,30512.19,563.46,1244.07,1779.74,535.67,64.55,92.34,27.79,1308.62,1872.08,563.46,static
option8,2076,31410.37,31999.3,588.93,1304.23,1864.92,560.69,65.68,93.92,28.24,1369.91,1958.84,588.93,static
option8,2077,32808.87,33425.39,616.52,1352.32,1940.05,587.73,66.25,95.04,28.79,1418.57,2035.09,616.52,static
option8,2078,34265.78,34910.43,644.65,1403.56,2018.88,615.32,66.89,96.21,29.32,1470.46,2115.11,644.65,static
option8,2079,35921.98,36595.41,673.44,1471.36,2115.01,643.65,68.1,97.89,29.79,1539.46,2212.9,673.44,static
option8,2080,37478.44,38180.28,701.84,1528.88,2200.5,671.62,68.79,99.01,30.22,1597.67,2299.51,701.84,static
option8,2081,39140.65,39871.64,730.99,1588.39,2288.77,700.38,69.43,100.04,30.61,1657.82,2388.81,730.99,static
option8,2082,40916.55,41678.72,762.17,1650.26,2381.39,731.13,70.05,101.09,31.04,1720.31,2482.48,762.17,static
option8,2083,42794.38,43587.78,793.41,1716.28,2478.28,762,70.74,102.15,31.41,1787.02,2580.43,793.41,static
option8,2084,44721.74,45546.44,824.69,1784.56,2577.52,792.96,71.4,103.13,31.73,1855.97,2680.66,824.69,static
option8,2085,46806.81,47663.34,856.53,1857.99,2682.56,824.57,72.01,103.97,31.96,1930.01,2786.54,856.53,static
option8,2086,48843.6,49735.42,891.83,1918.17,2777.65,859.48,72.2,104.55,32.35,1990.37,2882.2,891.83,static
option8,2087,51066.9,51994.45,927.55,1995.56,2890.4,894.84,72.96,105.68,32.72,2068.51,2996.06,927.55,static
option8,2088,53453.23,54415.53,962.3,2078.13,3007.38,929.25,73.9,106.94,33.04,2152.04,3114.34,962.3,static
option8,2089,55870.99,56870.64,999.65,2145.33,3111.55,966.22,74.21,107.63,33.42,2219.55,3219.2,999.65,static
option8,2090,58598.38,59633.38,1035,2238.95,3240.23,1001.28,75.4,109.12,33.72,2314.36,3349.36,1035,static
option8,2091,61517.28,62589.57,1072.29,2340.68,3378.94,1038.26,76.7,110.72,34.02,2417.39,3489.68,1072.29,static
option8,2092,64426.67,65542.32,1115.65,2422.75,3503.95,1081.2,77.18,111.62,34.44,2499.94,3615.59,1115.65,static
option8,2093,67446.37,68609.25,1162.88,2515.24,3643.26,1128.02,77.74,112.6,34.86,2592.98,3755.86,1162.88,static
option8,2094,70501.99,71711.98,1209.99,2610.09,3784.8,1174.71,78.4,113.69,35.29,2688.48,3898.47,1209.99,static
option8,2095,73672.29,74930.43,1258.15,2711.96,3934.48,1222.52,79.03,114.66,35.63,2790.99,4049.14,1258.15,static
option8,2096,76962.75,78274.29,1311.54,2826.6,4101.99,1275.39,80.12,116.27,36.15,2906.72,4218.26,1311.54,static
option8,2097,80321.76,81686.61,1364.85,2918.96,4247.02,1328.06,80.85,117.64,36.79,2999.81,4364.66,1364.85,static
option8,2098,84052.84,85473.4,1420.55,3034.62,4417.86,1383.24,81.85,119.16,37.31,3116.47,4537.02,1420.55,static
option8,2099,87980.17,89459.49,1479.32,3180.04,4621.66,1441.62,83.16,120.86,37.7,3263.21,4742.53,1479.32,static
option8,2100,92025.18,93566.94,1541.76,3306.88,4810.54,1503.66,83.81,121.92,38.11,3390.68,4932.44,1541.76,static
